timestamp,price,action,target,confidence,score,is_blocked
2017-08-20,4086.29,ADD,0.4343065693430657,0.781021897810219,0.0,False
2017-08-27,4310.01,ADD,0.4343065693430657,0.781021897810219,0.0,False
2017-09-03,4509.08,ADD,0.4343065693430657,0.781021897810219,0.0,False
2017-09-10,4130.37,ADD,0.3377842326014295,0.781021897810219,-0.72992701,False
2017-09-17,3699.99,ADD,0.3377842326014295,0.781021897810219,-0.72992701,False
2017-09-24,3660.02,ADD,0.3377842326014295,0.781021897810219,-0.72992701,False
2017-10-01,4378.48,ADD,0.4343065693430657,0.781021897810219,0.0,False
2017-10-08,4640.0,ADD,0.38380322859814986,0.781021897810219,-0.3649635,False
2017-10-15,5709.99,HOLD,0.26926907440447456,0.781021897810219,-1.45985401,False
2017-10-22,5950.02,HOLD,0.26926907440447456,0.781021897810219,-1.45985401,False
2017-10-29,6169.98,HOLD,0.26926907440447456,0.781021897810219,-1.45985401,False
2017-11-05,7345.01,HOLD,0.26926907440447456,0.781021897810219,-1.45985401,False
2017-11-12,5811.03,HOLD,0.2995798508098178,0.781021897810219,-1.09160584,False
2017-11-19,8038.0,HOLD,0.20959740968372417,0.781021897810219,-3.2229927,False
2017-11-26,9128.02,HOLD,0.20886079829909418,0.781021897810219,-3.29087591,False
2017-12-03,11165.41,HOLD,0.2075501234798672,0.781021897810219,-3.42664234,False
2017-12-10,14899.98,REDUCE,0.20572219680030174,0.781021897810219,-3.66094891,False
2017-12-17,18860.02,REDUCE,0.20461793304214881,0.781021897810219,-3.84160584,False
2017-12-24,13500.0,HOLD,0.20802282008851652,0.781021897810219,-3.37518248,False
2017-12-31,13716.36,HOLD,0.20827529467916991,0.781021897810219,-3.34890511,False
2018-01-07,16150.03,HOLD,0.207216015357835,0.781021897810219,-3.4649635,False
2018-01-14,13474.99,HOLD,0.21102619140414444,0.781021897810219,-3.10474453,False
2018-01-21,11530.0,HOLD,0.25626353974322574,0.781021897810219,-1.65985401,False
2018-01-28,11879.95,HOLD,0.2552737548551624,0.781021897810219,-1.67664234,False
2018-02-04,8184.81,ADD,0.31744170562303037,0.5140058643708278,-0.40510949,False
2018-02-11,8063.88,ADD,0.3187565427081762,0.45748969021080715,-0.22591241,False
2018-02-18,10383.43,HOLD,0.24693517758230235,0.781021897810219,-1.82956204,False
2018-02-25,9590.0,HOLD,0.2843299734190273,0.781021897810219,-1.26386861,False
2018-03-04,11515.0,HOLD,0.273345647286194,0.781021897810219,-1.40364964,False
2018-03-11,9533.57,ADD,0.3010574990174186,0.7184042316713015,-0.98613139,False
2018-03-18,8189.99,ADD,0.3620714576276635,0.4577512447430754,0.30364964,False
2018-03-25,8470.15,ADD,0.36354793663018237,0.4596137094109519,0.31386861,False
2018-04-01,6813.01,ADD,0.5155916747680224,0.598069942361585,1.65620438,False
2018-04-08,7018.0,ADD,0.5083492180114069,0.5925286197095266,1.56459854,False
2018-04-15,8355.0,ADD,0.35773148343976297,0.4521705724164426,0.27372263,False
2018-04-22,8787.02,ADD,0.3189887127973481,0.4924424610903179,-0.32846715,False
2018-04-29,9419.0,ADD,0.33238813361833935,0.4795406155824143,-0.13321168,False
2018-05-06,9659.01,ADD,0.33390561685354997,0.5145699827513337,-0.22226277,False
2018-05-13,8679.71,ADD,0.3293202862424191,0.7583481937648129,-0.76970803,False
2018-05-20,8526.98,ADD,0.3240442803096945,0.6367154385617245,-0.61021898,False
2018-05-27,7338.99,ADD,0.4631422593186253,0.557329531259963,1.08868613,False
2018-06-03,7714.26,ADD,0.3924429629740078,0.49287509913461713,0.51861314,False
2018-06-10,6764.99,ADD,0.5277842987631326,0.6074614760746148,1.82481752,False
2018-06-17,6449.61,ADD,0.5153116655637926,0.5978554114569782,1.65255474,False
2018-06-24,6136.97,ADD,0.5037115774506414,0.5889830736621445,1.50875912,False
2018-07-01,6356.81,ADD,0.5049405887677705,0.5899228281233536,1.52335766,False
2018-07-08,6712.1,ADD,0.4664093521013693,0.5599571092989768,1.1189781,False
2018-07-15,6353.01,ADD,0.47989091363408715,0.570617291719104,1.24963504,False
2018-07-22,7394.79,ADD,0.3961923671336434,0.49680723339601995,0.5459854,False
2018-07-29,8211.0,ADD,0.47354328839946574,0.781021897810219,0.28175182,False
2018-08-05,7024.19,ADD,0.4755197787421256,0.5671897560415075,1.20620438,False
2018-08-12,6308.33,ADD,0.4131245158594194,0.46683830752663946,0.96458781,False
2018-08-19,6477.53,ADD,0.39315310044579543,0.4516900131578422,0.75713262,False
2018-08-26,6700.0,ADD,0.3447601281753745,0.4158307698483818,0.26967742,False
2018-09-02,7302.01,HOLD,0.28669143728359425,0.4635235878357103,-0.66010753,False
2018-09-09,6250.81,ADD,0.3626503138191364,0.429241059367498,0.44903226,False
2018-09-16,6505.0,ADD,0.3543059637809548,0.42316428700046416,0.36487455,False
2018-09-23,6708.0,ADD,0.3140710621924494,0.3999518395040755,-0.08222222,False
2018-09-30,6626.57,ADD,0.310283193936959,0.4069290922593352,-0.16154122,False
2018-10-07,6615.26,ADD,0.3518891979290121,0.4203974240291266,0.34541219,False
2018-10-14,6339.34,ADD,0.40850894789780057,0.4614887439634671,0.92903226,False
2018-10-21,6590.11,ADD,0.35850323329806066,0.4255069567046719,0.4109319,False
2018-10-28,6489.93,ADD,0.39746661295330205,0.4537668333447904,0.80903226,False
2018-11-04,6485.85,ADD,0.4277338252252635,0.47304117362564746,1.16767025,False
2018-11-11,6449.81,ADD,0.38613705669370746,0.4449488060604052,0.69508961,False
2018-11-18,5662.0,ADD,0.41948382336351064,0.4679306188710566,1.06326165,False
2018-11-25,4085.78,ADD,0.4454971015481061,0.48424729269279004,1.41290323,False
2018-12-02,4161.01,ADD,0.444522055930492,0.48334414045501956,1.4016129,False
2018-12-09,3545.37,ADD,0.44348379458678255,0.4823873344096823,1.38960573,False
2018-12-16,3228.67,ADD,0.44399534655187245,0.4828581232197707,1.39551971,False
2018-12-23,3929.71,ADD,0.4344556232901733,0.4761165586499632,1.26770609,False
2018-12-30,3801.91,ADD,0.44208611085976557,0.4829406781790574,1.35401434,False
2019-01-06,3987.6,ADD,0.468961175276507,0.5073769141499147,1.68835125,False
2019-01-13,3476.81,ADD,0.4864452010553588,0.526418885069486,1.89695341,False
2019-01-20,3539.28,ADD,0.49948674721081227,0.5426710333569196,2.03293907,False
2019-01-27,3550.84,ADD,0.5138592512408628,0.5578181011066587,2.26039427,False
2019-02-03,3458.11,ADD,0.5246775522915572,0.5688104943552581,2.47741935,False
2019-02-10,3680.06,ADD,0.5330609705950573,0.577584238143821,2.67200717,False
2019-02-17,3667.58,ADD,0.5373267878221868,0.5832501982242067,2.73792115,False
2019-02-24,3743.56,ADD,0.5375032082089459,0.582196817896831,2.79351254,False
2019-03-03,3807.75,ADD,0.5174724525023415,0.5640529954820395,2.26483871,False
2019-03-10,3916.82,ADD,0.5204083509194231,0.5676965068520274,2.30286738,False
2019-03-17,3981.14,ADD,0.4856909428296652,0.5302875861017615,1.8118638,False
2019-03-24,3992.18,ADD,0.4578805635779516,0.5013279290565642,1.49437276,False
2019-03-31,4103.95,ADD,0.5001051871410425,0.5476688216474002,1.96197133,False
2019-04-07,5170.27,ADD,0.45933040171545025,0.5097727792418615,1.4316129,False
2019-04-14,5131.3,ADD,0.47748779526642277,0.5247231636784965,1.67129032,False
2019-04-21,5256.14,ADD,0.443264854103806,0.4988734770584404,1.22311828,False
2019-04-28,5307.52,ADD,0.4458941738385762,0.5015630904531244,1.24731183,False
2019-05-05,5775.62,ADD,0.31311653215639024,0.3991714272844935,-0.09243728,False
2019-05-12,6967.31,HOLD,0.23175536016058976,0.5771272315395991,-1.91082437,False
2019-05-19,8148.48,HOLD,0.21361555243508992,0.6114135387199784,-2.71326165,False
2019-05-26,8614.43,HOLD,0.21197591947402572,0.6154724179425569,-2.8297491,False
2019-06-02,8725.98,HOLD,0.2128916005749762,0.6131692839905214,-2.76297491,False
2019-06-09,7628.13,HOLD,0.2218586943984074,0.594173720240903,-2.2737276,False
2019-06-16,8953.33,HOLD,0.21323043208626602,0.6123408000553598,-2.73939068,False
2019-06-23,10906.07,HOLD,0.20739956842976273,0.6289491308396875,-3.26,False
2019-06-30,10854.1,HOLD,0.20834671534750512,0.6258086315800948,-3.15322581,False
2019-07-07,11406.24,HOLD,0.20842789347861918,0.6255501077015624,-3.14462366,False
2019-07-14,10174.18,HOLD,0.21064274311562625,0.6190167061488029,-2.93612903,False
2019-07-21,10589.45,HOLD,0.21047713658980235,0.6194749300770394,-2.95021505,False
2019-07-28,9541.54,HOLD,0.22517488823159787,0.5881636056184946,-2.13860215,False
2019-08-04,10929.23,HOLD,0.20900139191034084,0.6237663111876532,-3.08602151,False
2019-08-11,11549.97,HOLD,0.2091896397524448,0.6231961448822899,-3.06756272,False
2019-08-18,10306.78,HOLD,0.236720461881258,0.56932141193892,-1.76379928,False
2019-08-25,10142.69,HOLD,0.2526575296571176,0.5456552459304961,-1.37666667,False
2019-09-01,9724.98,HOLD,0.26604150813207167,0.5258966221704596,-1.10763441,False
2019-09-08,10381.18,HOLD,0.2507528372339073,0.5484359107775055,-1.4181362,False
2019-09-15,10302.01,HOLD,0.25130453134157793,0.5476302864566063,-1.40602151,False
2019-09-22,10028.87,HOLD,0.2705208746157289,0.5190520471485034,-1.02376344,False
2019-09-29,8043.82,ADD,0.33285623137719067,0.409879533919159,0.13437276,False
2019-10-06,7854.25,ADD,0.3687494765674046,0.45151282148314204,0.41824373,False
2019-10-13,8275.01,ADD,0.3449569269610504,0.4231624467597665,0.23802867,False
2019-10-20,8223.35,ADD,0.33546857413151554,0.4133982130122908,0.15430108,False
2019-10-27,9529.93,ADD,0.3544790174243043,0.43969919847988953,0.28799283,False
2019-11-03,9194.71,ADD,0.3474108220295803,0.4306040918854004,0.23677419,False
2019-11-10,9039.47,ADD,0.38880635461849267,0.4710489322716095,0.58275986,False
2019-11-17,8502.4,ADD,0.37648731161783644,0.45055926636876115,0.52630824,False
2019-11-24,6903.28,ADD,0.5370293744317378,0.6078756414370221,2.08240143,False
2019-12-01,7390.89,ADD,0.47962773267511677,0.5634877560325572,1.30419355,False
2019-12-08,7510.11,ADD,0.45025819344377316,0.5395447344293598,1.02136201,False
2019-12-15,7118.59,ADD,0.5414001257984687,0.6130926969056035,2.13132616,False
2019-12-22,7501.44,ADD,0.4776875065336891,0.5606492854134204,1.29501792,False
2019-12-29,7388.24,ADD,0.5012438623647444,0.5834358720776457,1.5165233,False
2020-01-05,7358.75,ADD,0.4691551187771058,0.5582044492266814,1.17430108,False
2020-01-12,8184.98,ADD,0.4715880725477262,0.5845458351665638,1.02756272,False
2020-01-19,8701.7,ADD,0.41916259403987677,0.5124247792233475,0.75763441,False
2020-01-26,8615.0,ADD,0.4311656329283614,0.5314187866497899,0.80781362,False
2020-02-02,9331.51,ADD,0.35826291976325864,0.4389704565885173,0.34096774,False
2020-02-09,10151.75,ADD,0.31543671983061095,0.40036531185901686,-0.06487455,False
2020-02-16,9917.27,ADD,0.3255545706765558,0.4013579367116167,0.07129032,False
2020-02-23,9936.4,ADD,0.3132008754176161,0.4070739952761194,-0.12197133,False
2020-03-01,8531.88,ADD,0.308005053114824,0.42120343607471167,-0.24383513,False
2020-03-08,8033.31,ADD,0.38386239088816343,0.46609886426211633,0.54329749,False
2020-03-15,5361.3,ADD,0.606962101543316,0.6826212636589043,4.20759857,False
2020-03-22,5816.19,ADD,0.5982647426294341,0.6700400865422629,3.88573477,False
2020-03-29,5881.42,ADD,0.5923696597993302,0.6614378139509818,3.72473118,False
2020-04-05,6772.78,ADD,0.5413305046354906,0.6076678501214141,2.23806452,False
2020-04-12,6903.79,ADD,0.5353256797110513,0.5999489786744344,2.17548387,False
2020-04-19,7120.74,ADD,0.5198887246853676,0.5841898469387559,1.95512545,False
2020-04-26,7693.1,ADD,0.5682650751096161,0.6654228332062472,2.06265233,False
2020-05-03,8894.16,ADD,0.3543952982679229,0.4291199631309533,0.33670251,False
2020-05-10,8722.77,ADD,0.4287998367026308,0.5055938943276449,0.9344086,False
2020-05-17,9680.04,ADD,0.3281835998573609,0.400209119296907,0.11290323,False
2020-05-24,8720.34,ADD,0.5084060186398704,0.5679131864132373,1.87921147,False
2020-05-31,9448.27,ADD,0.42083879654366074,0.47894268063762,0.99985663,False
2020-06-07,9746.99,ADD,0.38184787009578813,0.44535751892940206,0.63017921,False
2020-06-14,9342.1,ADD,0.378283896430505,0.44316093957264663,0.59204301,False
2020-06-21,9294.69,ADD,0.3847818592734994,0.44702967359002455,0.66258065,False
2020-06-28,9116.35,ADD,0.3941609837775282,0.4549590406062575,0.75132616,False
2020-07-05,9069.41,ADD,0.3933093005108473,0.4559443363032595,0.7325448,False
2020-07-12,9302.75,ADD,0.3936213763097729,0.4556242913664543,0.73913978,False
2020-07-19,9208.99,ADD,0.4132486542026948,0.47185878051250474,0.92989247,False
2020-07-26,9931.54,ADD,0.3406932622003303,0.41197092362783533,0.2321147,False
2020-08-02,11071.35,HOLD,0.2663015722604369,0.45862918850763995,-0.9562724,False
2020-08-09,11681.68,HOLD,0.2606810697223755,0.468687557913893,-1.0753405,False
2020-08-16,11911.0,HOLD,0.26258631192022475,0.4668508263970911,-1.0381362,False
2020-08-23,11648.13,ADD,0.31036873921406266,0.40606654950300586,-0.15713262,False
2020-08-30,11711.16,ADD,0.3201275142146611,0.3944869812233882,0.02508961,False
2020-09-06,10256.2,ADD,0.4611314610384145,0.5320418377003272,1.25247312,False
2020-09-13,10332.83,ADD,0.46304677803073896,0.536491069876266,1.24781362,False
2020-09-20,10920.28,ADD,0.39102671615308415,0.4566550678742469,0.69498208,False
2020-09-27,10774.25,ADD,0.4327931657040398,0.5001216089994747,1.0344086,False
2020-10-04,10666.63,ADD,0.42790352393409836,0.4956705408782775,0.98967742,False
2020-10-11,11369.02,ADD,0.3696017186039462,0.43728228668164204,0.5027957,False
2020-10-18,11503.14,ADD,0.3950846660390408,0.45644397290969696,0.75562724,False
2020-10-25,13028.83,HOLD,0.2805906561910138,0.43922063505502673,-0.68315412,False
2020-11-01,13761.5,HOLD,0.2613107757902432,0.4686325817723482,-1.06422939,False
2020-11-08,15475.1,HOLD,0.2542650951790681,0.47586474866648876,-1.20802867,False
2020-11-15,15957.0,HOLD,0.253098651146793,0.4765619176476329,-1.23182796,False
2020-11-22,18414.43,HOLD,0.24052921327840904,0.49090048265510355,-1.52946237,False
2020-11-29,18184.99,HOLD,0.2461289177677905,0.48340513802457313,-1.38781362,False
2020-12-06,19359.4,HOLD,0.24568300229440918,0.48297951361020336,-1.39655914,False
2020-12-13,19174.99,HOLD,0.24468712562516967,0.48320605241250975,-1.41878136,False
2020-12-20,23455.52,HOLD,0.23142121590336318,0.4994878272231298,-1.78709677,False
2020-12-27,26281.66,HOLD,0.22241910383265637,0.5183914357574964,-2.129319,False
2021-01-03,33000.05,HOLD,0.2105062387199386,0.5690829390021472,-2.87498208,False
2021-01-10,38150.02,REDUCE,0.20423310558579272,0.5916773747158249,-3.68100358,False
2021-01-17,35828.61,HOLD,0.20622895460894092,0.580326396100896,-3.33792115,False
2021-01-24,32259.9,HOLD,0.20685902201292802,0.5765017114636038,-3.25046595,False
2021-01-31,33092.98,HOLD,0.20654724185047282,0.5760400918120383,-3.289319,False
2021-02-07,38795.69,HOLD,0.20535798630963525,0.5807919818881427,-3.46623656,False
2021-02-14,48577.79,REDUCE,0.20446387406744768,0.5844213905922816,-3.62580645,False
2021-02-21,57408.57,REDUCE,0.20448407591773657,0.5840825301029547,-3.62150538,False
2021-02-28,45135.66,HOLD,0.20629040210021082,0.5760390359898288,-3.32329749,False
2021-03-07,50971.75,REDUCE,0.20449487078510692,0.5915110775931436,-3.63014337,False
2021-03-14,58968.31,REDUCE,0.20356858654538162,0.601730899647108,-3.8390681,False
2021-03-21,57351.56,REDUCE,0.20373401665382304,0.599311123237955,-3.79752688,False
2021-03-28,55777.63,REDUCE,0.20381415310772796,0.6029675638936653,-3.78476703,False
2021-04-04,58202.01,REDUCE,0.20366255496044702,0.612494804524974,-3.8321147,False
2021-04-11,60002.43,REDUCE,0.20354211257800087,0.6170483079594988,-3.86648746,False
2021-04-18,56150.01,REDUCE,0.20506847941999326,0.6064580296266752,-3.54978495,False
2021-04-25,49066.77,HOLD,0.21563449038235297,0.5758089562255352,-2.54096774,False
2021-05-02,56578.21,REDUCE,0.20333335203868022,0.6255080182135231,-3.92903226,False
2021-05-09,58240.84,REDUCE,0.2033824700656529,0.6256457885333887,-3.91691756,False
2021-05-16,46431.5,HOLD,0.24189659298403332,0.5404176078009986,-1.58996416,False
2021-05-23,34655.25,HOLD,0.24675763057962924,0.509753403866396,-1.42684588,False
2021-05-30,35641.27,HOLD,0.24923126784141025,0.4981874259146306,-1.35304659,False
2021-06-06,35796.31,HOLD,0.24107844652180346,0.5208643109496469,-1.57354839,False
2021-06-13,39020.57,HOLD,0.24150685194601731,0.515494536101665,-1.55362007,False
2021-06-20,35600.16,HOLD,0.28694096622619075,0.4330062582992779,-0.57272401,False
2021-06-27,34700.34,ADD,0.32009209649554454,0.3941619511771732,0.02598566,False
2021-07-04,35286.51,HOLD,0.27504816544728117,0.45275109255333434,-0.8025448,False
2021-07-11,34258.99,HOLD,0.28017575199691447,0.44573379733464846,-0.70691756,False
2021-07-18,31778.56,HOLD,0.28672679100698933,0.43777055468549436,-0.58946237,False
2021-07-25,35381.02,HOLD,0.270094584104025,0.46172336985403023,-0.90215054,False
2021-08-01,39845.44,HOLD,0.2751844120302362,0.47082686335050344,-0.84523297,False
2021-08-08,43794.37,HOLD,0.25463253460136115,0.493085732825461,-1.23756272,False
2021-08-15,46973.82,HOLD,0.24597314915309643,0.5097221368049263,-1.44340502,False
2021-08-22,49239.22,HOLD,0.22184813231357273,0.5721429844835982,-2.24057348,False
2021-08-29,48767.83,HOLD,0.2165641069974416,0.588702671723052,-2.50985663,False
2021-09-05,51756.88,REDUCE,0.20463329416392056,0.6282343962518386,-3.65537634,False
2021-09-12,46025.24,HOLD,0.2315757112102642,0.5678663732558804,-1.9011828,False
2021-09-19,47241.75,HOLD,0.22341320099810252,0.575547927153867,-2.18415771,False
2021-09-26,43160.9,HOLD,0.22279210953340478,0.5762442031070218,-2.20924731,False
2021-10-03,48200.01,HOLD,0.21592317357367777,0.6332301570616456,-2.60784946,False
2021-10-10,54659.0,REDUCE,0.20340329992730158,0.6715875053487377,-3.97132616,False
2021-10-17,61528.33,REDUCE,0.20293345738748242,0.6753997621473995,-4.10086022,False
2021-10-24,60852.22,REDUCE,0.20288115675242038,0.6694475845178448,-4.10853047,False
2021-10-31,61299.8,REDUCE,0.20290074165992555,0.6736816887837954,-4.1081362,False
2021-11-07,63273.59,REDUCE,0.20266926601034585,0.6763077893245047,-4.1811828,False
2021-11-14,65519.1,REDUCE,0.2026796536278551,0.6698060404142447,-4.16982079,False
2021-11-21,58622.02,HOLD,0.21460705407923467,0.6333687247844727,-2.68293907,False
2021-11-28,57274.88,HOLD,0.21655321567264368,0.6324879427510129,-2.57304659,False
2021-12-05,49396.33,HOLD,0.2157427971928964,0.6426383872919499,-2.63057348,False
2021-12-12,50053.9,HOLD,0.21861692746718106,0.6247321286331518,-2.45956989,False
2021-12-19,46681.23,HOLD,0.22014149927604465,0.6227712620733911,-2.38763441,False
2021-12-26,50775.49,HOLD,0.21737838963422235,0.6181495913731336,-2.51057348,False
2022-01-02,47286.18,HOLD,0.21699359570149243,0.641458744340364,-2.56243728,False
2022-01-09,41864.62,HOLD,0.238377682389724,0.5494230639900698,-1.68899642,False
2022-01-16,43071.66,HOLD,0.23352600228027193,0.5669772016106271,-1.84451613,False
2022-01-23,36244.55,HOLD,0.28136131826647476,0.4503828670053723,-0.70179211,False
2022-01-30,37881.76,HOLD,0.28521337269978553,0.44106492123502883,-0.62050179,False
2022-02-06,42380.87,HOLD,0.2606658630762907,0.48011125103723395,-1.10111111,False
2022-02-13,42053.66,HOLD,0.26102582399649454,0.4804430669237415,-1.0955914,False
2022-02-20,38386.89,HOLD,0.2797348556983481,0.44885912016876817,-0.72175627,False
2022-02-27,37699.07,HOLD,0.28527685116787876,0.4406478631168399,-0.61842294,False
2022-03-06,38420.81,HOLD,0.28302636547706905,0.4441769027119296,-0.66078853,False
2022-03-13,37777.34,HOLD,0.26398305515622716,0.48226056435962616,-1.04928315,False
2022-03-20,41262.11,HOLD,0.2495111039218491,0.5153346010686994,-1.38107527,False
2022-03-27,46827.76,HOLD,0.2641893876774782,0.5176666189598039,-1.12096774,False
2022-04-03,46407.35,HOLD,0.26647583724092916,0.5129085873430085,-1.07422939,False
2022-04-10,42158.85,HOLD,0.24268552702334806,0.5386205077148077,-1.56888889,False
2022-04-17,39678.12,HOLD,0.2355412570885855,0.5761762573139033,-1.8053405,False
2022-04-24,39450.13,HOLD,0.2353881019879921,0.5762455908553082,-1.80946237,False
2022-05-01,38468.35,HOLD,0.2274558221671342,0.6071248653933913,-2.08913978,False
2022-05-08,34038.4,HOLD,0.2485991704329194,0.5319584719409702,-1.43078853,False
2022-05-15,31328.89,HOLD,0.28685958223992236,0.44156460927473346,-0.59827957,False
2022-05-22,30293.94,HOLD,0.29088477858501427,0.43469481048635533,-0.52150538,False
2022-05-29,29468.1,HOLD,0.27364302907812604,0.4679368869713069,-0.86172043,False
2022-06-05,29919.21,HOLD,0.2681180911300747,0.48007154954436043,-0.97670251,False
2022-06-12,26574.53,HOLD,0.2937240452805123,0.43239227708209005,-0.47491039,False
2022-06-19,20574.0,ADD,0.431134520940576,0.48546637037760576,1.1218638,False
2022-06-26,21038.07,ADD,0.4127854285574495,0.47160595949941275,0.92437276,False
2022-07-03,19315.83,ADD,0.4642331320124139,0.5081534633328126,1.55967742,False
2022-07-10,20862.47,ADD,0.4068145226672454,0.4657399867499292,0.87204301,False
2022-07-17,20798.16,ADD,0.4090253337151689,0.4665043741149833,0.90125448,False
2022-07-24,22579.68,ADD,0.32678217814762145,0.401195991707565,0.08903226,False
2022-07-31,23293.32,ADD,0.3135671862704831,0.4020298538288691,-0.09741935,False
2022-08-07,23174.39,ADD,0.31221188273886996,0.40552885228533925,-0.12967742,False
2022-08-14,24305.24,ADD,0.30900502903448956,0.4105920342945039,-0.19261649,False
2022-08-21,21515.61,ADD,0.38065756230575665,0.44558334810058225,0.6118638,False
2022-08-28,19555.61,ADD,0.4436980394463368,0.4902847928379734,1.31207885,False
2022-09-04,20000.3,ADD,0.42299008317081566,0.4750449809558185,1.06616487,False
2022-09-11,21826.87,ADD,0.3225858057983164,0.39712722305997183,0.04824373,False
2022-09-18,19416.18,ADD,0.4337616005623547,0.4822803242395306,1.19666667,False
2022-09-25,18807.38,ADD,0.4237460972424767,0.474457018360016,1.08401434,False
2022-10-02,19056.8,ADD,0.4090244471227113,0.4631616588695572,0.92516129,False
2022-10-09,19439.02,ADD,0.3650132002697598,0.43095247627145744,0.47286738,False
2022-10-16,19262.98,ADD,0.4006449890979257,0.4560726582505913,0.84258065,False
2022-10-23,19570.4,ADD,0.37617357457905676,0.438562188946796,0.58831541,False
2022-10-30,20627.48,ADD,0.347963153868982,0.4174171808967814,0.30602151,False
2022-11-06,20905.58,ADD,0.33433431997087726,0.4063941783373768,0.17032258,False
2022-11-13,16329.85,ADD,0.4417228766427689,0.4814586701567993,1.36200717,False
2022-11-20,16280.23,ADD,0.43623443763839415,0.4769057038238073,1.29551971,False
2022-11-27,16428.78,ADD,0.4358466176895517,0.4768402279082463,1.28835125,False
2022-12-04,17105.7,ADD,0.4057698377730766,0.4565689506941987,0.92060932,False
2022-12-11,17085.05,ADD,0.4097858883439714,0.4597096884556272,0.96318996,False
2022-12-18,16738.21,ADD,0.4395303913813512,0.4805946973636728,1.3253405,False
2022-12-25,16832.11,ADD,0.4284539055177715,0.4739177845966576,1.17318996,False
2023-01-01,16616.75,ADD,0.42163303698459276,0.4704358836647561,1.08021505,False
2023-01-08,17127.83,ADD,0.41674975549869375,0.4676951468184795,1.01827957,False
2023-01-15,20871.5,ADD,0.3639467501989623,0.43914696729353475,0.41580645,False
2023-01-22,22707.88,HOLD,0.28154129705494724,0.4851284770798388,-0.78648746,False
2023-01-29,23742.3,HOLD,0.2607225689710798,0.5690964408822364,-1.27591398,False
2023-02-05,22932.91,ADD,0.31003656471502283,0.42942213729813056,-0.24483871,False
2023-02-12,21783.54,ADD,0.36871996336366875,0.4514558225004426,0.4181362,False
2023-02-19,24271.76,HOLD,0.24833812782386663,0.6034748493764888,-1.55863799,False
2023-02-26,23554.85,HOLD,0.28042905698004167,0.5118352874419843,-0.86344086,False
2023-03-05,22430.24,ADD,0.303092467799786,0.4330893091172873,-0.34924731,False
2023-03-12,21997.11,ADD,0.3220655802485898,0.3970756516071526,0.0411828,False
2023-03-19,27972.87,HOLD,0.21137970236877657,0.6857339645253028,-2.96648746,False
2023-03-26,27968.05,HOLD,0.21349819167665954,0.6780140655059831,-2.81003584,False
2023-04-02,28171.87,HOLD,0.21264662018521963,0.6755213704786833,-2.86297491,False
2023-04-09,28323.76,HOLD,0.2121644963133654,0.6732363563739368,-2.8934767,False
2023-04-16,30304.65,HOLD,0.20894876511208235,0.6791823240312457,-3.16362007,False
2023-04-23,27590.6,HOLD,0.24920332882281496,0.6166626507891552,-1.56236559,False
2023-04-30,29233.21,HOLD,0.2358810482727104,0.6350604332820783,-1.88648746,False
2023-05-07,28430.1,HOLD,0.24037471175916758,0.6280238867167939,-1.76684588,False
2023-05-14,26917.62,HOLD,0.28991878135763954,0.5536107397363578,-0.82587814,False
2023-05-21,26747.78,HOLD,0.29590416008920156,0.539719123678062,-0.72139785,False
2023-05-28,28065.0,HOLD,0.27410310790444475,0.5763121377683378,-1.08265233,False
2023-06-04,27115.21,ADD,0.3132910170365714,0.480877860343787,-0.3634767,False
2023-06-11,25925.55,ADD,0.3177367783891244,0.3989239342359459,-0.02702509,False
2023-06-18,26339.97,ADD,0.31550491176739537,0.44756134957646626,-0.23444444,False
2023-06-25,30462.66,HOLD,0.2638224296121133,0.5815354259390163,-1.24727599,False
2023-07-02,30617.03,HOLD,0.25730055368403726,0.5915866804914904,-1.37301075,False
2023-07-09,30160.71,HOLD,0.2577720507924103,0.5917654088223421,-1.36516129,False
2023-07-16,30231.99,HOLD,0.2614075861325854,0.5862392517578813,-1.29458781,False
2023-07-23,30083.75,HOLD,0.27693164217667865,0.5579885808422157,-1.00792115,False
2023-07-30,29281.09,HOLD,0.28437031979200644,0.5488892647078658,-0.88824373,False
2023-08-06,29088.42,HOLD,0.2954949318268708,0.5248580203367608,-0.69326165,False
2023-08-13,29303.84,HOLD,0.28563296223462564,0.5494752610446024,-0.87275986,False
2023-08-20,26189.99,HOLD,0.2839315172451528,0.49126263511007867,-0.76752688,False
2023-08-27,26101.77,ADD,0.30332023673529335,0.43368602076131,-0.34810036,False
2023-09-03,25971.21,HOLD,0.2995182821847239,0.4425092971208373,-0.42630824,False
2023-09-10,25841.61,HOLD,0.2973042216057249,0.4499471068922589,-0.47792115,False
2023-09-17,26527.51,HOLD,0.2727877246730212,0.5274781046042043,-1.00698925,False
2023-09-24,26248.38,HOLD,0.27958561397924403,0.5057930869231572,-0.86193548,False
2023-10-01,27992.57,ADD,0.3136958611468768,0.42311078595671014,-0.17444444,False
2023-10-08,27917.05,ADD,0.31255227216301057,0.4251970738907192,-0.19698925,False
2023-10-15,27154.15,HOLD,0.2874016191473406,0.4714980368423323,-0.67086022,False
2023-10-22,29992.46,HOLD,0.27256046360642666,0.6284268305023827,-1.19519713,False
2023-10-29,34525.89,REDUCE,0.2042351464689888,0.7233388214569006,-3.84985663,False
2023-11-05,35011.88,REDUCE,0.20275860733461273,0.7279027979806622,-4.21523297,False
2023-11-12,37064.13,REDUCE,0.20222357640627858,0.7299441178473888,-4.39827957,False
2023-11-19,37359.86,REDUCE,0.20204077202968493,0.7307151453991271,-4.47100358,False
2023-11-26,37447.43,REDUCE,0.2025072926221566,0.728826135853541,-4.29637993,False
2023-12-03,39972.26,REDUCE,0.2020521978667623,0.7306656429197992,-4.4662724,False
2023-12-10,43789.51,REDUCE,0.2018995385096676,0.7313428715014259,-4.53175627,False
2023-12-17,41374.65,REDUCE,0.20150901124742895,0.7332604918344665,-4.72648746,False
2023-12-24,42991.5,REDUCE,0.20175799787501159,0.7320041236829289,-4.59731183,False
2023-12-31,42283.58,REDUCE,0.20190783722186295,0.7313051414842667,-4.52806452,False
2024-01-07,43929.02,REDUCE,0.2026794838235844,0.7281874067707064,-4.23996416,False
2024-01-14,41732.35,HOLD,0.20942608273206048,0.7123762283716523,-3.16,False
2024-01-21,41580.33,HOLD,0.21049272305552255,0.7105804039307537,-3.06637993,False
2024-01-28,42031.06,HOLD,0.210502061638258,0.7103182918700831,-3.06530466,False
2024-02-04,42582.88,HOLD,0.21247669131234098,0.705308651822479,-2.91168459,False
2024-02-11,48299.99,REDUCE,0.20383596594665976,0.7209604499325827,-3.93035842,False
2024-02-18,52137.67,REDUCE,0.2044865077924434,0.7192897925751042,-3.79659498,False
2024-02-25,51728.85,REDUCE,0.20392281334322232,0.7221360429743505,-3.91290323,False
2024-03-03,63113.97,REDUCE,0.20287286774661015,0.7268063180879223,-4.17992832,False
2024-03-10,68955.88,REDUCE,0.20276394025085137,0.7266032557343178,-4.2121147,False
2024-03-17,68393.48,REDUCE,0.20281166458361596,0.7276158094848443,-4.19892473,False
2024-03-24,67209.99,REDUCE,0.2025426768915727,0.7286926094524124,-4.28448029,False
2024-03-31,71280.01,REDUCE,0.20247898050880037,0.7289338604328115,-4.30602151,False
2024-04-07,69360.39,REDUCE,0.20211430427263308,0.7303997168960907,-4.44100358,False
2024-04-14,65661.84,REDUCE,0.20236456310584497,0.729377575426655,-4.34612903,False
2024-04-21,64941.15,HOLD,0.20639532644014214,0.718166171853831,-3.49612903,False
2024-04-28,63118.62,HOLD,0.21532304164147792,0.6460261692606011,-2.65860215,False
2024-05-05,64012.0,HOLD,0.2117485711278294,0.6794072467696756,-2.9311828,False
2024-05-12,61483.99,HOLD,0.21704264909370743,0.6225377314170246,-2.53379928,False
2024-05-19,66274.01,HOLD,0.2119946109519011,0.6692568437847041,-2.90046595,False
2024-05-26,68507.67,HOLD,0.20674733569767595,0.7066770365870035,-3.43713262,False
2024-06-02,67765.63,HOLD,0.21331093667177575,0.6530616625289006,-2.7897491,False
2024-06-09,69648.14,HOLD,0.2135662619871904,0.6905061383325419,-2.82143369,False
2024-06-16,66676.87,HOLD,0.22764230545982256,0.6318144337718395,-2.11892473,False
2024-06-23,63210.01,HOLD,0.2697544301243439,0.49682201599397424,-0.98820789,False
2024-06-30,62772.01,HOLD,0.2660995915144381,0.5069561323969145,-1.06784946,False
2024-07-07,55857.81,HOLD,0.2544817122117418,0.4991029953869289,-1.25275986,False
2024-07-14,60797.91,HOLD,0.23644994493970994,0.5684791778270888,-1.769319,False
2024-07-21,68165.34,HOLD,0.2308788700732749,0.6527631739676567,-2.04849462,False
2024-07-28,68249.88,HOLD,0.24038047940944943,0.610194777265745,-1.73978495,False
2024-08-04,58161.0,HOLD,0.256982367229464,0.5323278297068923,-1.27265233,False
2024-08-11,58712.59,HOLD,0.2574150795999931,0.5322575761571421,-1.26483871,False
2024-08-18,58427.35,HOLD,0.2626567924531381,0.5166013114510285,-1.14412186,False
2024-08-25,64220.0,ADD,0.3058404697225608,0.4289151780263035,-0.29892473,False
2024-09-01,57301.86,HOLD,0.29664517574427923,0.4319035313552336,-0.43301075,False
2024-09-08,54869.95,ADD,0.30243027396572497,0.4217538697910444,-0.32132616,False
2024-09-15,59132.0,HOLD,0.2982515976807782,0.42998746641490343,-0.40501792,False
2024-09-22,63578.76,ADD,0.33127344936068476,0.40704995221103674,0.12523297,False
2024-09-29,65602.01,ADD,0.30714609878318583,0.42662453768339575,-0.27383513,False
2024-10-06,62819.91,ADD,0.3146066774171252,0.40379749495369005,-0.08996416,False
2024-10-13,62870.02,ADD,0.3083011800715744,0.41916520329839496,-0.23275986,False
2024-10-20,69031.99,HOLD,0.26523882162064216,0.5162667102996755,-1.10103943,False
2024-10-27,68021.7,ADD,0.3047622094674822,0.4385099523696206,-0.34422939,False
2024-11-03,68775.99,HOLD,0.2974669823686362,0.44146554935955906,-0.45078853,False
2024-11-10,80370.01,HOLD,0.21241831664563693,0.6042517492970114,-2.78261649,False
2024-11-17,89855.99,HOLD,0.2079793172233752,0.63988146790732,-3.21050179,False
2024-11-24,97900.04,REDUCE,0.2057490167406836,0.6645210461425269,-3.52057348,False
2024-12-01,97185.18,REDUCE,0.20476396480486234,0.6764892750934308,-3.69433692,False
2024-12-08,101109.59,REDUCE,0.20413212346436954,0.6930253149670054,-3.83455197,False
2024-12-15,104463.99,REDUCE,0.2033776024651389,0.7168946481778701,-4.0325448,False
2024-12-22,95186.27,REDUCE,0.20300984441338293,0.7270324391046336,-4.14111111,False
2024-12-29,93738.2,REDUCE,0.20568752512428656,0.7197291579394154,-3.59709677,False
2025-01-05,98363.61,REDUCE,0.20422574669734006,0.723364438046686,-3.85175627,False
2025-01-12,94545.06,REDUCE,0.20562878088994813,0.7198638011851065,-3.60602151,False
2025-01-19,101331.57,REDUCE,0.2029312496862243,0.7272995405242454,-4.16362007,False
2025-01-26,102620.0,REDUCE,0.20282976216865145,0.7276513090360458,-4.19358423,False
2025-02-02,97700.59,REDUCE,0.2041375529400564,0.7236064976765263,-3.86978495,False
2025-02-09,96462.75,REDUCE,0.20484932175910547,0.7217343505771029,-3.73394265,False
2025-02-16,96118.12,HOLD,0.20639001004753857,0.7181775326787073,-3.49684588,False
2025-02-23,96258.0,HOLD,0.2095022057668308,0.7042821295600105,-3.14340502,False
2025-03-02,94270.0,HOLD,0.2250623576092786,0.6281688091511918,-2.20150538,False
2025-03-09,80734.37,HOLD,0.21577889642528944,0.6269756371973992,-2.60713262,False
2025-03-16,82574.53,HOLD,0.21781550735844948,0.6130425265168852,-2.48157706,False
2025-03-23,86082.5,HOLD,0.21816735735659254,0.6130948613543183,-2.46451613,False
2025-03-30,82389.99,HOLD,0.22226403883103277,0.6065619324150264,-2.27573477,False
2025-04-06,78430.0,HOLD,0.22700843576737084,0.6026498616673643,-2.09727599,False
2025-04-13,83760.0,HOLD,0.22527885990620972,0.6116270494640318,-2.16996416,False
2025-04-20,85179.24,HOLD,0.2326186063592452,0.5966275526704329,-1.91670251,False
2025-04-27,93749.3,HOLD,0.2530338774667582,0.6053640581402202,-1.4718638,False
2025-05-04,94277.62,HOLD,0.2575613679052131,0.5937652473083707,-1.37215054,False
2025-05-11,104118.0,HOLD,0.22451595526798185,0.6919056471559276,-2.30702509,False
2025-05-18,106454.26,HOLD,0.22209569174497917,0.694750522980694,-2.40240143,False
2025-05-25,109004.19,HOLD,0.21947006108465336,0.6897456014535329,-2.50702509,False
2025-06-01,105642.93,HOLD,0.2266569272266889,0.6696933309614168,-2.20358423,False
2025-06-08,105734.0,HOLD,0.22292000598312414,0.6679276349888769,-2.33537634,False
2025-06-15,105594.01,HOLD,0.21704754769899542,0.6704999998423836,-2.59824373,False
2025-06-22,100963.87,HOLD,0.23751369544540724,0.5995610869792164,-1.7921147,False
2025-06-29,108356.93,HOLD,0.215438167377969,0.6598981017888631,-2.67053763,False
2025-07-06,109203.84,HOLD,0.21551576194616498,0.6529634418614412,-2.65702509,False
2025-07-13,119086.64,HOLD,0.21035739464774625,0.6599961304963945,-3.01433692,False
2025-07-20,117265.12,HOLD,0.21583170889698688,0.6459480031377662,-2.63014337,False
2025-07-27,119415.55,HOLD,0.2163377066865943,0.6426340545376555,-2.59831541,False
2025-08-03,114208.8,HOLD,0.21754191075347504,0.639487399379156,-2.53204301,False
2025-08-10,119294.01,HOLD,0.21966648988999388,0.6337041871257795,-2.42394265,False
2025-08-17,117405.01,HOLD,0.2262579933357472,0.6199245152119098,-2.14799283,False
2025-08-24,113493.59,HOLD,0.2518166586139579,0.5810423716514022,-1.45448029,False
2025-08-31,108246.35,HOLD,0.28141109423713284,0.5302478481087357,-0.88953405,False
2025-09-07,111137.34,HOLD,0.27232757459158774,0.5467843582394178,-1.05247312,False
2025-09-14,115268.01,HOLD,0.2674191294308209,0.5398165503862671,-1.11340502,False
2025-09-21,115232.29,HOLD,0.27226954927374675,0.521836799152206,-1.00308244,False
2025-09-28,112163.95,HOLD,0.274726400992916,0.5136126696351725,-0.94924731,False
2025-10-05,123482.31,HOLD,0.24669046148867307,0.550411350678775,-1.50322581,False
2025-10-12,114958.8,HOLD,0.2948968105075895,0.4665622853443342,-0.55648746,False
2025-10-19,108642.78,HOLD,0.2911435719371317,0.450951211859658,-0.56444444,False
2025-10-26,114559.4,ADD,0.31351126383579925,0.408878868425558,-0.12458781,False
2025-11-02,110540.68,HOLD,0.28628443331424375,0.4592782206082251,-0.6546595,False
2025-11-09,104722.96,ADD,0.30003317223366016,0.4318917838395468,-0.38670251,False
2025-11-16,94261.44,ADD,0.3167190858608444,0.3948716352455756,-0.02451613,False
2025-11-23,86830.0,ADD,0.364876177832399,0.43375568736380943,0.45612903,False
2025-11-30,90360.0,ADD,0.3144034875208891,0.4005930514050845,-0.08014337,False
2025-12-07,90395.31,ADD,0.3136969123761457,0.402333408045758,-0.09681004,False
2025-12-14,88172.17,ADD,0.3564271538827646,0.427074356687927,0.37437276,False
2025-12-21,88658.86,ADD,0.360863337622081,0.4310208333447314,0.41512545,False
2025-12-28,87952.71,ADD,0.3419845879074672,0.4156366011607283,0.23265233,False
2026-01-04,91529.73,ADD,0.3293630286939028,0.4042481458608185,0.11132616,False
2026-01-11,91013.65,ADD,0.36161185465005996,0.4320438283350748,0.42014337,False
2026-01-18,93673.14,ADD,0.31671999256589,0.3951937782059183,-0.02584229,False
2026-01-25,86670.36,ADD,0.3540720108742145,0.4267311200088488,0.34397849,False
2026-02-01,76968.21,ADD,0.3676452237945119,0.4396422807918252,0.46336918,False
2026-02-08,70330.38,ADD,0.3433956349141522,0.41927027770171016,0.23494624,False
2026-02-15,68832.58,ADD,0.33438514016047727,0.41115165713636814,0.14956989,False
2026-02-22,67643.4,ADD,0.3704536460204607,0.44761801560893444,0.4602509,False
2026-03-01,65776.47,ADD,0.4120583745755969,0.48762067772638923,0.80702509,False
2026-03-08,65971.2,ADD,0.4239381582352077,0.4980945970123262,0.91247312,False
2026-03-15,72815.24,ADD,0.3835550959903648,0.45545104605564063,0.59655914,False
2026-03-22,67859.0,ADD,0.4084136823123046,0.4821937267028907,0.78856631,False
2026-03-29,70659.9,ADD,0.3688273837319812,0.4440525233433384,0.45663082,False
