timestamp,action,regime,confidence,price,28_day_return,84_day_return,182_day_return,precision_28,precision_84,precision_182,rel_dca_perf_28,timing_success_28,rel_dca_perf_84,timing_success_84
2017-08-20,WAIT,NEUTRAL,50,4086.29,-9.453563011925247,42.20796859743189,154.10408952864333,,,,,,,
2017-08-27,WAIT,NEUTRAL,50,4310.01,-15.080939487379386,86.4960870160394,122.50528421047746,,,,,,,
2017-09-03,WAIT,NEUTRAL,50,4509.08,-2.8963779751080123,102.4364171848803,155.37360171032674,,,,,,,
2017-09-10,WAIT,NEUTRAL,50,4130.37,12.338604047579276,170.32469246096596,130.81636754092247,,,,,,,
2017-09-17,WAIT,NEUTRAL,50,3699.99,54.32447114721932,302.7032505493258,121.35167932886306,,,,,,,
2017-09-24,WAIT,NEUTRAL,50,3660.02,62.56796410948575,415.2982770585953,131.42359877814874,,,,,,,
2017-10-01,WAIT,NEUTRAL,50,4378.48,40.91602565273794,208.32617712082734,55.60217244340504,,,,,,,
2017-10-08,WAIT,NEUTRAL,50,4640.0,58.29762931034483,195.61120689655175,51.24999999999999,,,,,,,
2017-10-15,WAIT,NEUTRAL,50,5709.99,1.769530244361198,182.83814857819368,46.322497937824764,,,,,,,
2017-10-22,WAIT,NEUTRAL,50,5950.02,35.09198288409114,126.4696589255162,47.680511998278995,,,,,,,
2017-10-29,WAIT,NEUTRAL,50,6169.98,47.94245686371757,86.87256684786662,52.658517531661374,,,,,,,
2017-11-05,WAIT,NEUTRAL,50,7345.01,52.01354388898041,61.74178115482485,31.50438188647803,,,,,,,
2017-11-12,WAIT,NEUTRAL,50,5811.03,156.40858849463865,40.84955679113687,49.36611925940839,,,,,,,
2017-11-19,WAIT,NEUTRAL,50,8038.0,134.63573028116446,0.3219706394625542,6.083354068176158,,,,,,,
2017-11-26,WAIT,NEUTRAL,50,9128.02,47.89625789601688,13.753366009276927,-19.59932164916379,,,,,,,
2017-12-03,WAIT,NEUTRAL,50,11165.41,22.846899486897488,-14.109737125640706,-30.909299345030767,,,,,,,
2017-12-10,WAIT,NEUTRAL,50,14899.98,8.389608576655814,-22.71801707116385,-54.5973216071431,,,,,,,
2017-12-17,WAIT,NEUTRAL,50,18860.02,-28.552620834972608,-49.45090196086749,-65.8027404000632,,,,,,,
2017-12-24,WAIT,NEUTRAL,50,13500.0,-14.592592592592593,-39.333407407407414,-54.54096296296296,,,,,,,
2017-12-31,WAIT,NEUTRAL,50,13716.36,-13.3884645780659,-38.247829599106474,-53.65527005707054,,,,,,,
2018-01-07,WAIT,NEUTRAL,50,16150.03,-49.3201560616296,-57.81425793017103,-58.439086490861,,,,,,,
2018-01-14,WAIT,NEUTRAL,50,13474.99,-40.156690283258094,-47.91832869634783,-52.85332308224348,,,,,,,
2018-01-21,WAIT,NEUTRAL,50,11530.0,-9.944232437120553,-27.53686036426713,-35.86478751084128,,,,,,,
2018-01-28,WAIT,NEUTRAL,50,11879.95,-19.2757545275864,-26.034873884149345,-30.883547489677994,,,,,,,
2018-02-04,WAIT,NEUTRAL,50,8184.81,40.68744418013368,15.07903054560826,-14.180170339934595,,,,,,,
2018-02-11,WAIT,NEUTRAL,50,8063.88,18.22559363482591,19.781172338874093,-21.77053725997907,,,,,,,
2018-02-18,WAIT,NEUTRAL,50,10383.43,-21.12442612893813,-16.408065542889016,-37.61666424293322,,,,,,,
2018-02-25,WAIT,NEUTRAL,50,9590.0,-11.67726798748697,-11.08467153284672,-30.13555787278415,,,,,,,
2018-03-04,WAIT,NEUTRAL,50,11515.0,-40.8336083369518,-36.26582718193661,-36.58697351280938,,,,,,,
2018-03-11,WAIT,NEUTRAL,50,9533.57,-26.386442854041032,-19.08319758495505,-34.43369063215563,,,,,,,
2018-03-18,WAIT,NEUTRAL,50,8189.99,2.014776574818775,-17.39928864382008,-20.57377359435115,,,,,,,
2018-03-25,WAIT,NEUTRAL,50,8470.15,3.7410199347119097,-23.854831378428955,-20.804236052490214,,,,,,,
2018-04-01,WAIT,NEUTRAL,50,6813.01,38.250200718918656,-9.922780092793053,-2.736529081859567,,,,,,,
2018-04-08,WAIT,NEUTRAL,50,7018.0,37.631946423482475,-9.421345112567678,-5.738671986320886,,,,,,,
2018-04-15,WAIT,NEUTRAL,50,8355.0,3.8864153201675538,-19.663674446439252,-24.12519449431478,,,,,,,
2018-04-22,WAIT,NEUTRAL,50,8787.02,-2.959365063468626,-27.70006213710678,-25.001763965485463,,,,,,,
2018-04-29,WAIT,NEUTRAL,50,9419.0,-22.08312984393248,-21.49071026648264,-31.09746257564497,,,,,,,
2018-05-06,WAIT,NEUTRAL,50,9659.01,-20.134051005227242,-14.991287927023578,-32.8518140057832,,,,,,,
2018-05-13,WAIT,NEUTRAL,50,8679.71,-22.059723193516827,-19.07344830645263,-25.69095050410669,,,,,,,
2018-05-20,WAIT,NEUTRAL,50,8526.98,-24.36231819471841,-26.01917677771028,-33.59899988037969,,,,,,,
2018-05-27,WAIT,NEUTRAL,50,7338.99,-16.37854800183676,-11.738127453505182,-44.32776172198081,,,,,,,
2018-06-03,WAIT,NEUTRAL,50,7714.26,-17.596632729516504,-13.147858641010288,-46.06080168415376,,,,,,,
2018-06-10,WAIT,NEUTRAL,50,6764.99,-0.7818193375008599,7.93822311636825,-47.59238372857905,,,,,,,
2018-06-17,WAIT,NEUTRAL,50,6449.61,-1.497764981138386,-3.0823569177050905,-49.94007389594099,,,,,,,
2018-06-24,WAIT,NEUTRAL,50,6136.97,20.49578212049268,5.996933340068466,-35.96660892916211,,,,,,,
2018-07-01,WAIT,NEUTRAL,50,6356.81,29.168560960607593,5.524626345604156,-40.19154261335482,,,,,,,
2018-07-08,WAIT,NEUTRAL,50,6712.1,4.6496625497236215,-1.274265878041159,-40.590873199147815,,,,,,,
2018-07-15,WAIT,NEUTRAL,50,6353.01,-0.7032886773356297,4.127964539643413,-45.27302806071453,,,,,,,
2018-07-22,WAIT,NEUTRAL,50,7394.79,-12.40413858946637,-14.27288672159723,-52.13819459376128,,,,,,,
2018-07-29,WAIT,NEUTRAL,50,8211.0,-18.402143466082084,-19.740470101083915,-56.75508464255267,,,,,,,
2018-08-05,WAIT,NEUTRAL,50,7024.19,3.9551891392459577,-7.606001546085732,-50.76855836758401,,,,,,,
2018-08-12,WAIT,NEUTRAL,50,6308.33,-0.9118102572313042,2.814056969118617,-41.66348304543358,,,,,,,
2018-08-19,WAIT,NEUTRAL,50,6477.53,0.42408140139837647,-0.42794089722470363,-43.379961188909974,,,,,,,
2018-08-26,WAIT,NEUTRAL,50,6700.0,0.11940298507462686,-15.492537313432836,-44.12597014925373,,,,,,,
2018-09-02,WAIT,NEUTRAL,50,7302.01,-9.250055806551902,-44.04581752147696,-47.8533992695162,,,,,,,
2018-09-09,WAIT,NEUTRAL,50,6250.81,5.8304443744090735,-33.43246715225707,-37.33900086548784,,,,,,,
2018-09-16,WAIT,NEUTRAL,50,6505.0,-2.54665641813989,-45.497770945426595,-38.79877017678709,,,,,,,
2018-09-23,WAIT,NEUTRAL,50,6708.0,-1.7574537865235589,-51.86836612999404,-40.486285032796665,,,,,,,
2018-09-30,WAIT,NEUTRAL,50,6626.57,-2.062001910490637,-40.697676173344576,-38.068261559147494,,,,,,,
2018-10-07,WAIT,NEUTRAL,50,6615.26,-1.9562345244177832,-42.52818483324919,-21.843283559527514,,,,,,,
2018-10-14,WAIT,NEUTRAL,50,6339.34,1.7426104294768894,-37.097552742083565,-19.056242447951995,,,,,,,
2018-10-21,WAIT,NEUTRAL,50,6590.11,-14.083376453503806,-47.242003547740474,-20.241998995464407,,,,,,,
2018-10-28,WAIT,NEUTRAL,50,6489.93,-37.044313266861124,-45.46505124092248,-18.219148742744526,,,,,,,
2018-11-04,WAIT,NEUTRAL,50,6485.85,-35.84480060439264,-45.25251123599837,-10.950453679934016,,,,,,,
2018-11-11,WAIT,NEUTRAL,50,6449.81,-45.03140402585503,-46.384312096015236,8.023492164885477,,,,,,,
2018-11-18,WAIT,NEUTRAL,50,5662.0,-42.97651006711409,-35.00423878488167,43.915224302366646,,,,,,,
2018-11-25,WAIT,NEUTRAL,50,4085.78,-3.8198336670109536,-10.23549970874595,110.83930118606482,,,,,,,
2018-12-02,WAIT,NEUTRAL,50,4161.01,-8.630116245815326,-10.032420013410212,109.70821987930812,,,,,,,
2018-12-09,WAIT,NEUTRAL,50,3545.37,12.473451289992301,7.400638015214213,115.1575152945955,,,,,,,
2018-12-16,WAIT,NEUTRAL,50,3228.67,7.685517566056607,21.313729802054716,177.30706451882662,,,,,,,
2018-12-23,WAIT,NEUTRAL,50,3929.71,-9.9353387400088,1.3087479737690526,177.5286217049095,,,,,,,
2018-12-30,WAIT,NEUTRAL,50,3801.91,-6.6037859917778094,5.004589798285599,185.4907138780245,,,,,,,
2019-01-06,WAIT,NEUTRAL,50,3987.6,-13.2784130805497,2.9177951650115337,186.04273247065905,,,,,,,
2019-01-13,WAIT,NEUTRAL,50,3476.81,5.845875961010236,48.707292029187684,192.62973817953818,,,,,,,
2019-01-20,WAIT,NEUTRAL,50,3539.28,3.625031079767629,44.98146515675504,199.19785945163989,,,,,,,
2019-01-27,WAIT,NEUTRAL,50,3550.84,5.42744815311306,48.02525599576439,168.7121920446993,,,,,,,
2019-02-03,WAIT,NEUTRAL,50,3458.11,10.11072522273727,53.48036933469439,216.04633745022568,,,,,,,
2019-02-10,WAIT,NEUTRAL,50,3680.06,6.4335907566724515,56.94363678853062,213.85276327016408,,,,,,,
2019-02-17,WAIT,NEUTRAL,50,3667.58,8.549506759225428,89.97022559835098,181.02399947649405,,,,,,,
2019-02-24,WAIT,NEUTRAL,50,3743.56,6.641271944352432,117.6666061182404,170.9370225133296,,,,,,,
2019-03-03,WAIT,NEUTRAL,50,3807.75,7.77887203729236,126.23412776574092,155.39964545991728,,,,,,,
2019-03-10,WAIT,NEUTRAL,50,3916.82,32.00172588988006,122.78225703504373,165.04102818102442,,,,,,,
2019-03-17,WAIT,NEUTRAL,50,3981.14,28.890217374922774,91.60667547486399,158.77035221067334,,,,,,,
2019-03-24,WAIT,NEUTRAL,50,3992.18,31.66089705374008,124.27170117579868,151.2128711631239,,,,,,,
2019-03-31,WAIT,NEUTRAL,50,4103.95,29.3271116850839,165.74568403611156,96.00190060795087,,,,,,,
2019-04-07,WAIT,NEUTRAL,50,5170.27,11.708286027615568,109.93294354066614,51.911795708928146,,,,,,,
2019-04-14,WAIT,NEUTRAL,50,5131.3,35.78060140705085,122.28752947596124,61.26537134839124,,,,,,,
2019-04-21,WAIT,NEUTRAL,50,5256.14,55.027834114007604,93.56752293508163,56.45226344808167,,,,,,,
2019-04-28,WAIT,NEUTRAL,50,5307.52,62.30612414084167,99.51785391293862,79.55523483660917,,,,,,,
2019-05-05,WAIT,NEUTRAL,50,5775.62,51.083000612921204,65.20373570283365,59.198666117230694,,,,,,,
2019-05-12,WAIT,NEUTRAL,50,6967.31,9.484578696799764,56.864413956031804,29.741177010926723,,,,,,,
2019-05-19,WAIT,NEUTRAL,50,8148.48,9.877302269871196,41.74385897737983,4.343386742067233,,,,,,,
2019-05-26,WAIT,NEUTRAL,50,8614.43,26.602340491477666,19.645525008619263,-19.86376347593515,,,,,,,
2019-06-02,WAIT,NEUTRAL,50,8725.98,24.388320853359748,16.235540306074515,-15.300172588064598,,,,,,,
2019-06-09,WAIT,NEUTRAL,50,7628.13,49.528652500678405,27.48838837303506,-1.5471681788328258,,,,,,,
2019-06-16,WAIT,NEUTRAL,50,8953.33,13.635708725133558,15.947697672262725,-20.492263772250098,,,,,,,
2019-06-23,WAIT,NEUTRAL,50,10906.07,-2.90315393170958,-5.538750438975722,-31.21775304944861,,,,,,,
2019-06-30,WAIT,NEUTRAL,50,10854.1,-12.092757575478386,-7.602933453717946,-31.931343916123865,,,,,,,
2019-07-07,WAIT,NEUTRAL,50,11406.24,-4.182009145871033,-29.47877652933833,-35.48487494564378,,,,,,,
2019-07-14,WAIT,NEUTRAL,50,10174.18,13.52236740454758,-22.802132456866307,-19.551452795212988,,,,,,,
2019-07-21,WAIT,NEUTRAL,50,10589.45,-2.6693548767877466,-21.856092620485487,-17.826704880801174,,,,,,,
2019-07-28,WAIT,NEUTRAL,50,9541.54,6.3003456465098875,-13.815275102341973,-9.710591791262216,,,,,,,
2019-08-04,WAIT,NEUTRAL,50,10929.23,-11.018617048044556,-12.803280743474147,-14.61877918206497,,,,,,,
2019-08-11,WAIT,NEUTRAL,50,11549.97,-10.119420223602305,-20.391914437873,-12.105832309521146,,,,,,,
2019-08-18,WAIT,NEUTRAL,50,10306.78,-0.046280215547439996,-12.295886785203539,-3.77916284232321,,,,,,,
2019-08-25,WAIT,NEUTRAL,50,10142.69,-1.122187506470174,-16.17213973807738,-2.0338785864499545,,,,,,,
2019-09-01,WAIT,NEUTRAL,50,9724.98,-17.28702783964594,-29.014969696595777,-12.268405693379322,,,,,,,
2019-09-08,WAIT,NEUTRAL,50,10381.18,-24.341452513105448,-28.804914277567672,-22.616600424999852,,,,,,,
2019-09-15,WAIT,NEUTRAL,50,10302.01,-19.675772009539884,-27.10053669138353,-47.95869932178284,,,,,,,
2019-09-22,WAIT,NEUTRAL,50,10028.87,-18.00322469031905,-29.019022083245673,-42.00553003478957,,,,,,,
2019-09-29,WAIT,NEUTRAL,50,8043.82,18.475177216795014,-6.742816224132317,-26.882749738308416,,,,,,,
2019-10-06,WAIT,NEUTRAL,50,7854.25,17.06668364261386,-5.933220867683104,-13.769233217684695,,,,,,,
2019-10-13,WAIT,NEUTRAL,50,8275.01,9.238176147219148,-11.072615017987895,-16.570614416175935,,,,,,,
2019-10-20,WAIT,NEUTRAL,50,8223.35,3.39338590720326,-0.4665981625493357,-13.40828251260132,,,,,,,
2019-10-27,WAIT,NEUTRAL,50,9529.93,-27.562112208589156,-8.690829838204472,-19.27432835288402,,,,,,,
2019-11-03,WAIT,NEUTRAL,50,9194.71,-19.618019491642468,-6.3048209242053215,-3.268727344309927,,,,,,,
2019-11-10,WAIT,NEUTRAL,50,9039.47,-16.918691029451946,3.230720385155334,-3.503523989791425,,,,,,,
2019-11-17,WAIT,NEUTRAL,50,8502.4,-16.275522205494912,19.398640383891614,13.850677455777207,,,,,,,
2019-11-24,STAGGER_BUY,BULLISH_ACCUMULATION,60,6903.28,8.66486655618778,43.660260050294944,26.321690558690946,,,,5.218958384200367,False,18.098290190443134,False
2019-12-01,WAIT,NEUTRAL,50,7390.89,-0.03585495116285786,34.44118367341415,27.836701669217106,,,,,,,
2019-12-08,WAIT,NEUTRAL,50,7510.11,-2.0154165518214735,13.60526010937256,29.784916599091094,,,,,,,
2019-12-15,STAGGER_BUY,BULLISH_ACCUMULATION,60,7118.59,14.98035425554779,12.84973569204014,31.23525866779798,,,,3.98588232627044,False,20.877136690073208,False
2019-12-22,WAIT,NEUTRAL,50,7501.44,16.000394590905227,-28.529722293319676,23.905410161249055,,,,,,,
2019-12-29,WAIT,NEUTRAL,50,7388.24,16.604225092850264,-21.27773326259028,23.39000898725543,,,,,,,
2020-01-05,WAIT,NEUTRAL,50,7358.75,26.808357397655858,-20.07582809580431,23.246611177170035,,,,,,,
2020-01-12,WAIT,NEUTRAL,50,8184.98,24.029014120987473,-17.253554681868494,13.656355910460386,,,,,,,
2020-01-19,WAIT,NEUTRAL,50,8701.7,13.969339324499805,-20.661594860774336,5.829780387740315,,,,,,,
2020-01-26,WAIT,NEUTRAL,50,8615.0,15.338363319791057,-17.344863609982593,15.281950087057469,,,,,,,
2020-02-02,WAIT,NEUTRAL,50,9331.51,-8.569138328094821,-17.55782290326003,18.64478524911831,,,,,,,
2020-02-09,WAIT,NEUTRAL,50,10151.75,-20.867732164405147,-12.38791341394341,15.070603590513954,,,,,,,
2020-02-16,WAIT,NEUTRAL,50,9917.27,-45.939759631430825,-12.044645350988729,20.103617225304944,,,,,,,
2020-02-23,WAIT,NEUTRAL,50,9936.4,-41.46582263193913,-2.5800088563262222,17.22686284771144,,,,,,,
2020-03-01,WAIT,NEUTRAL,50,8531.88,-31.065368945648547,2.2088918268892783,37.26353394562513,,,,,,,
2020-03-08,WAIT,NEUTRAL,50,8033.31,-15.691290389640145,17.613661118517772,27.670910247457154,,,,,,,
2020-03-15,STAGGER_BUY,BULLISH_ACCUMULATION,60,5361.3,28.77082050995094,81.80273441143005,92.72993490384795,,,,20.26877809486507,False,48.08402922469419,False
2020-03-22,STAGGER_BUY,BULLISH_ACCUMULATION,60,5816.19,22.42963176925101,60.62233180140265,87.75658979503767,,,,16.300895164751484,False,42.03379754464287,False
2020-03-29,STAGGER_BUY,BULLISH_ACCUMULATION,60,5881.42,30.803445426444636,58.0347943183789,83.19130414083673,,,,18.513415538049195,False,44.604812323234455,False
2020-04-05,STAGGER_BUY,BULLISH_ACCUMULATION,60,6772.78,31.32214541148539,34.60277758911408,57.49263965461745,,,,9.988390648122802,False,28.94907695388964,False
2020-04-12,STAGGER_BUY,BULLISH_ACCUMULATION,60,6903.79,26.347556921632908,31.368567120378803,64.67795225521054,,,,15.595476767358818,False,28.927372628998405,False
2020-04-19,STAGGER_BUY,BULLISH_ACCUMULATION,60,7120.74,35.94148922724325,30.64302305659244,61.54416535360089,,,,19.938745227273458,False,27.722986160228903,False
2020-04-26,WAIT,NEUTRAL,50,7693.1,13.352744667299266,19.70454043233546,69.35734619334207,,,,,,,
2020-05-03,WAIT,NEUTRAL,50,8894.16,6.230043084450927,11.66360848017127,54.72512300205978,,,,,,,
2020-05-10,WAIT,NEUTRAL,50,8722.77,11.741912259523057,26.92470396445166,77.41038683812596,,,,,,,
2020-05-17,WAIT,NEUTRAL,50,9680.04,-3.491101276441012,20.678013727215998,64.84436014727211,,,,,,,
2020-05-24,WAIT,NEUTRAL,50,8720.34,6.586325762527611,36.58871099062651,111.1664224101354,,,,,,,
2020-05-31,WAIT,NEUTRAL,50,9448.27,-3.513024077423698,23.28320422680553,92.46899167784156,,,,,,,
2020-06-07,WAIT,NEUTRAL,50,9746.99,-6.951684571339459,20.151554479895843,98.61926605033966,,,,,,,
2020-06-14,WAIT,NEUTRAL,50,9342.1,-0.42121150490789394,9.784737906894598,105.25352972029845,,,,,,,
2020-06-21,WAIT,NEUTRAL,50,9294.69,-0.9220318267742197,11.169172936375492,152.3539784543648,,,,,,,
2020-06-28,WAIT,NEUTRAL,50,9116.35,8.942065629336307,19.787853691444496,188.29147630356445,,,,,,,
2020-07-05,WAIT,NEUTRAL,50,9069.41,22.073541718810823,18.79769466812064,263.86104498528573,,,,,,,
2020-07-12,WAIT,NEUTRAL,50,9302.75,25.572330762408967,14.66104109000026,310.09400446104644,,,,,,,
2020-07-19,WAIT,NEUTRAL,50,9208.99,29.341002650670706,23.45566669091834,289.0612325564476,,,,,,,
2020-07-26,WAIT,NEUTRAL,50,9931.54,17.2842278236809,15.824333386363026,224.82273645376245,,,,,,,
2020-08-02,WAIT,NEUTRAL,50,11071.35,5.778970044303535,17.680589991283803,198.9064567554996,,,,,,,
2020-08-09,WAIT,NEUTRAL,50,11681.68,-12.20269687236767,17.80411721601687,232.10711130590806,,,,,,,
2020-08-16,WAIT,NEUTRAL,50,11911.0,-13.249685164973554,29.922760473511882,307.83972798253717,,,,,,,
2020-08-23,WAIT,NEUTRAL,50,11648.13,-6.248642485961254,36.99194634675266,392.85653577011936,,,,,,,
2020-08-30,WAIT,NEUTRAL,50,11711.16,-8.000146868457096,57.23830944159247,285.4072525693441,,,,,,,
2020-09-06,WAIT,NEUTRAL,50,10256.2,4.00177453637798,77.30728729938964,396.9847506873891,,,,,,,
2020-09-13,WAIT,NEUTRAL,50,10332.83,10.028133628444486,87.35815841352273,470.6888625865324,,,,,,,
2020-09-20,WAIT,NEUTRAL,50,10920.28,5.337408930906522,75.59064419593638,425.183969641804,,,,,,,
2020-09-27,WAIT,NEUTRAL,50,10774.25,20.92563287467805,117.69979348910597,417.69385340046864,,,,,,,
2020-10-04,WAIT,NEUTRAL,50,10666.63,29.01450598736434,146.39140947047008,445.6457194071605,,,,,,,
2020-10-11,WAIT,NEUTRAL,50,11369.02,36.11639349741666,190.26292503663467,427.7713470466232,,,,,,,
2020-10-18,WAIT,NEUTRAL,50,11503.14,38.718645517658665,231.64874981961447,388.12767644312777,,,,,,,
2020-10-25,WAIT,NEUTRAL,50,13028.83,41.33602173027049,174.9948383699841,276.6015060446717,,,,,,,
2020-11-01,WAIT,NEUTRAL,50,13761.5,32.14395233077791,134.42139301674965,311.1340333539222,,,,,,,
2020-11-08,WAIT,NEUTRAL,50,15475.1,25.100322453489802,113.84663103954095,276.3519460294279,,,,,,,
2020-11-15,WAIT,NEUTRAL,50,15957.0,20.166635332455986,143.12646487434984,190.97888074199412,,,,,,,
2020-11-22,WAIT,NEUTRAL,50,18414.43,27.375759119342817,163.80284374808235,88.19615920775175,,,,,,,
2020-11-29,WAIT,NEUTRAL,50,18184.99,44.52391780253933,215.69206251969342,95.99279405707671,,,,,,,
2020-12-06,WAIT,NEUTRAL,50,19359.4,70.46008657293098,133.14596526751862,84.90402595121746,,,,,,,
2020-12-13,WAIT,NEUTRAL,50,19174.99,98.95718328927417,165.82412820032758,103.49721173257456,,,,,,,
2020-12-20,WAIT,OVERHEATED,50,23455.52,52.751292659467794,151.40482922570035,51.777321500439996,,,,,,,
2020-12-27,WAIT,OVERHEATED,50,26281.66,22.74681279645198,118.21894050832404,32.03252762572835,,,,,,,
2021-01-03,WAIT,OVERHEATED,50,33000.05,0.2816056339308586,69.02286511687102,6.928656168702771,,,,,,,
2021-01-10,WAIT,OVERHEATED,50,38150.02,1.6924499646396136,52.5608898763356,-10.199286920426252,,,,,,,
2021-01-17,WAIT,OVERHEATED,50,35828.61,35.58379741776195,67.47071683774503,-11.303955135295505,,,,,,,
2021-01-24,WAIT,OVERHEATED,50,32259.9,77.95644127849124,74.05512726325873,9.674921496966808,,,,,,,
2021-01-31,WAIT,OVERHEATED,50,33092.98,36.39043688419719,48.269421490600095,20.404508750798502,,,,,,,
2021-02-07,WAIT,OVERHEATED,50,38795.69,31.385084270958956,45.83632872620643,12.884627132550033,,,,,,,
2021-02-14,WAIT,OVERHEATED,50,48577.79,21.389445670542028,19.891909450800448,-3.3018587300904407,,,,,,,
2021-02-21,WAIT,OVERHEATED,50,57408.57,-0.09930573083426748,-19.120960511644864,-14.230192460812033,,,,,,,
2021-02-28,WAIT,OVERHEATED,50,45135.66,23.577743185764856,-23.219800042804298,8.047229175334975,,,,,,,
2021-03-07,WAIT,OVERHEATED,50,50971.75,14.184837679695129,-30.07642468622326,1.540323806814554,,,,,,,
2021-03-14,WAIT,OVERHEATED,50,58968.31,1.7536877010719871,-39.29568271500404,-21.94919610210976,,,,,,,
2021-03-21,WAIT,OVERHEATED,50,57351.56,-2.0950607097697005,-31.962495876310946,-17.62778553887636,,,,,,,
2021-03-28,WAIT,OVERHEATED,50,55777.63,-12.031454186920456,-36.17484285366731,-22.619695386842352,,,,,,,
2021-04-04,WAIT,OVERHEATED,50,58202.01,-2.7899380107319365,-40.379481739548176,-17.184973508646866,,,,,,,
2021-04-11,WAIT,OVERHEATED,50,60002.43,-2.9358644308238913,-41.19153174296441,-8.905355999748679,,,,,,,
2021-04-18,WAIT,OVERHEATED,50,56150.01,-17.308118021706502,-38.98667159631851,9.57848449181042,,,,,,,
2021-04-25,WAIT,OVERHEATED,50,49066.77,-29.371242492627896,-35.23404943916218,24.019208926937733,,,,,,,
2021-05-02,WAIT,OVERHEATED,50,56578.21,-37.005306459854424,-37.46528919879226,8.345244573838592,,,,,,,
2021-05-09,WAIT,OVERHEATED,50,58240.84,-38.53744211106845,-31.585052688113695,8.641273031089526,,,,,,,
2021-05-16,WAIT,OVERHEATED,50,46431.5,-15.960996306386829,-5.679614055113441,41.109160806779876,,,,,,,
2021-05-23,WAIT,NEUTRAL,50,34655.25,2.726599865821206,35.54604280736685,69.15768895044762,,,,,,,
2021-05-30,WAIT,NEUTRAL,50,35641.27,-2.6400013243074683,38.1522600064476,60.69820183175292,,,,,,,
2021-06-06,WAIT,NEUTRAL,50,35796.31,-1.4241691392213212,36.23703113533212,37.9927986990838,,,,,,,
2021-06-13,WAIT,NEUTRAL,50,39020.57,-12.202743322304112,32.63998962598444,28.27567613697084,,,,,,,
2021-06-20,WAIT,NEUTRAL,50,35600.16,-10.734783214457467,29.283800971681007,31.12646122938773,,,,,,,
2021-06-27,WAIT,NEUTRAL,50,34700.34,1.9615946126176298,36.14203780135873,46.32562678060216,,,,,,,
2021-07-04,WAIT,NEUTRAL,50,35286.51,12.919753186132604,22.315581790321566,34.00639507845916,,,,,,,
2021-07-11,WAIT,NEUTRAL,50,34258.99,27.833219835144018,40.69302685222187,22.200391780376492,,,,,,,
2021-07-18,WAIT,NEUTRAL,50,31778.56,47.81607473718129,71.99961231723526,35.53685251943449,,,,,,,
2021-07-25,WAIT,NEUTRAL,50,35381.02,39.16845811680953,73.90208083316989,2.440658861728707,,,,,,,
2021-08-01,WAIT,NEUTRAL,50,39845.44,22.39249961852598,52.72066264044266,-4.928242729908367,,,,,,,
2021-08-08,WAIT,NEUTRAL,50,43794.37,18.18158361451482,39.97187309693004,-3.227583819564021,,,,,,,
2021-08-15,WAIT,OVERHEATED,50,46973.82,-2.0193801568618475,34.69969016784242,-10.474259917545552,,,,,,,
2021-08-22,WAIT,OVERHEATED,50,49239.22,-4.0566645856697185,33.06283080844903,-22.04001200668898,,,,,,,
2021-08-29,WAIT,NEUTRAL,50,48767.83,-11.497189848307789,20.206332740251092,-22.696847491471328,,,,,,,
2021-09-05,WAIT,NEUTRAL,50,51756.88,-6.872265097896155,10.661384534771031,-25.76675796531785,,,,,,,
2021-09-12,WAIT,NEUTRAL,50,46025.24,18.758750633348143,7.324437634654385,-17.92038455421417,,,,,,,
2021-09-19,WAIT,NEUTRAL,50,47241.75,30.2414283975509,5.952679568390251,-12.657532796731703,,,,,,,
2021-09-26,WAIT,NEUTRAL,50,43160.9,40.989228676881154,8.156294238535345,8.495791329652533,,,,,,,
2021-10-03,WAIT,OVERHEATED,50,48200.01,27.177981913281762,5.343318393502399,-3.7192108466367606,,,,,,,
2021-10-10,WAIT,OVERHEATED,50,54659.0,15.760606670447677,-13.48875756965916,-22.869335333613865,,,,,,,
2021-10-17,WAIT,OVERHEATED,50,61528.33,6.486069100201479,-31.958790365348772,-35.51243792899953,,,,,,,
2021-10-24,WAIT,OVERHEATED,50,60852.22,-3.664944352071304,-29.21924623292297,-35.17059854184449,,,,,,,
2021-10-31,WAIT,OVERHEATED,50,61299.8,-6.565959432167813,-40.87329811842779,-37.24555381909892,,,,,,,
2021-11-07,WAIT,OVERHEATED,50,63273.59,-21.932152103270884,-40.13021862676038,-46.20441166685816,,,,,,,
2021-11-14,WAIT,OVERHEATED,50,65519.1,-23.6041093360562,-35.315243951763684,-52.183577002736605,,,,,,,
2021-11-21,WAIT,OVERHEATED,50,58622.02,-20.369120681955337,-28.26303153661371,-48.323275110615434,,,,,,,
2021-11-28,WAIT,OVERHEATED,50,57274.88,-11.347714739865015,-32.97779061256872,-48.549695782863274,,,,,,,
2021-12-05,WAIT,OVERHEATED,50,49396.33,-4.271876068525741,-23.68042322172518,-39.43029775693863,,,,,,,
2021-12-12,WAIT,NEUTRAL,50,50053.9,-16.360922925086754,-23.24112606610075,-46.908172989517304,,,,,,,
2021-12-19,WAIT,NEUTRAL,50,46681.23,-7.732379802331686,-19.07381189398824,-55.92661118826561,,,,,,,
2021-12-26,WAIT,NEUTRAL,50,50775.49,-28.61802022983923,-18.73616581543575,-58.56648552283789,,,,,,,
2022-01-02,WAIT,NEUTRAL,50,47286.18,-19.88830563179347,-0.9694587298022346,-59.15121500616036,,,,,,,
2022-01-09,WAIT,NEUTRAL,50,41864.62,1.2331414927449478,10.85100020016901,-50.166823441846596,,,,,,,
2022-01-16,WAIT,NEUTRAL,50,43071.66,-2.3635030551411296,-2.1192821451506743,-51.71265746432806,,,,,,,
2022-01-23,WAIT,NEUTRAL,50,36244.55,5.910792105295821,9.473341509275187,-37.70186138329763,,,,,,,
2022-01-30,WAIT,NEUTRAL,50,37881.76,-0.4822637596563684,4.1401719455484525,-38.51045991527321,,,,,,,
2022-02-06,WAIT,NEUTRAL,50,42380.87,-9.343979960770048,-9.231806709017544,-45.318748765657716,,,,,,,
2022-02-13,WAIT,NEUTRAL,50,42053.66,-10.168722532117314,-19.059601471072913,-42.20422193930326,,,,,,,
2022-02-20,WAIT,NEUTRAL,50,38386.89,7.490109253445645,-18.386485594430805,-43.95063001978019,,,,,,,
2022-02-27,WAIT,NEUTRAL,50,37699.07,24.214629167244716,-19.642739197545193,-48.12707581380655,,,,,,,
2022-03-06,WAIT,NEUTRAL,50,38420.81,20.78701620293794,-23.30172112456765,-47.944095920934515,,,,,,,
2022-03-13,WAIT,NEUTRAL,50,37777.34,11.598249109122035,-20.801173401832944,-42.22232163513894,,,,,,,
2022-03-20,WAIT,NEUTRAL,50,41262.11,-3.8388487646414537,-35.59580448018776,-52.94428714382274,,,,,,,
2022-03-27,WAIT,NEUTRAL,50,46827.76,-15.754821499042457,-56.06452241149267,-59.83711371203747,,,,,,,
2022-04-03,WAIT,NEUTRAL,50,46407.35,-17.107203923516426,-54.66651295538314,-58.93581512411288,,,,,,,
2022-04-10,WAIT,NEUTRAL,50,42158.85,-19.26155480996279,-54.1832142005771,-53.89100983542008,,,,,,,
2022-04-17,WAIT,NEUTRAL,50,39678.12,-21.04240321870089,-47.42071953005838,-51.45188330495498,,,,,,,
2022-04-24,WAIT,NEUTRAL,50,39450.13,-23.209530614981492,-47.279869546690975,-50.392051940006276,,,,,,,
2022-05-01,WAIT,NEUTRAL,50,38468.35,-23.396506478702623,-41.30322719846315,-46.378048447619925,,,,,,,
2022-05-08,WAIT,NEUTRAL,50,34038.4,-12.101597019836428,-31.567523737896025,-38.582365798627436,,,,,,,
2022-05-15,WAIT,NEUTRAL,50,31328.89,-15.175641396806592,-26.028691089917327,-47.876065829335154,,,,,,,
2022-05-22,WAIT,NEUTRAL,50,30293.94,-32.085426986387375,-19.768640196686192,-46.25911981076083,,,,,,,
2022-05-29,WAIT,NEUTRAL,50,29468.1,-28.60730756309365,-26.986775530149547,-44.24893359259674,,,,,,,
2022-06-05,WAIT,NEUTRAL,50,29919.21,-35.44004002779484,-34.63861512386189,-42.8270332004087,,,,,,,
2022-06-12,WAIT,NEUTRAL,50,26574.53,-21.494491153747582,-24.73883827860737,-35.708928812663856,,,,,,,
2022-06-19,WAIT,NEUTRAL,50,20574.0,1.0895304753572463,6.089579080392723,-18.643870905025764,,,,,,,
2022-06-26,WAIT,NEUTRAL,50,21038.07,7.327715897893679,-7.709309836881423,-19.992138062094096,,,,,,,
2022-07-03,WAIT,NEUTRAL,50,19315.83,20.591866878099452,-2.6322969295132577,-13.973409374590693,,,,,,,
2022-07-10,WAIT,NEUTRAL,50,20862.47,11.081717553098928,-8.65511130752975,-17.901236047313667,,,,,,,
2022-07-17,WAIT,NEUTRAL,50,20798.16,16.86245321701536,-6.534905010827878,0.3526273478038449,,,,,,,
2022-07-24,WAIT,NEUTRAL,50,22579.68,-4.712511426202673,-14.688870701444841,0.5677671251319804,,,,,,,
2022-07-31,WAIT,NEUTRAL,50,23293.32,-16.04627421080378,-15.982779612352374,1.927505396396905,,,,,,,
2022-08-07,WAIT,NEUTRAL,50,23174.39,-13.696541742846307,-10.990192190603507,-1.0420123248119997,,,,,,,
2022-08-14,WAIT,NEUTRAL,50,24305.24,-10.196854670021784,-13.98735416724953,-10.375128984531733,,,,,,,
2022-08-21,WAIT,NEUTRAL,50,21515.61,-9.75770614916333,-24.102314552085673,12.810001668555982,,,,,,,
2022-08-28,WAIT,NEUTRAL,50,19555.61,-3.826165483971093,-16.749055641833728,20.450602154573534,,,,,,,
2022-09-04,WAIT,NEUTRAL,50,20000.3,-4.717429238561422,-17.857332140017903,12.149517757233653,,,,,,,
2022-09-11,WAIT,NEUTRAL,50,21826.87,-10.939956118307382,-21.63008255420955,0.7799560816553249,,,,,,,
2022-09-18,WAIT,NEUTRAL,50,19416.18,-0.7890326521488817,-12.006120668432208,44.06989428404557,,,,,,,
2022-09-25,WAIT,NEUTRAL,50,18807.38,4.057024423391245,-11.001904571503324,48.70784766405527,,,,,,,
2022-10-02,WAIT,NEUTRAL,50,19056.8,8.242097309097018,-11.673995634104354,47.83106292766887,,,,,,,
2022-10-09,WAIT,NEUTRAL,50,19439.02,7.544413247169874,-14.518581698048566,45.70569915561586,,,,,,,
2022-10-16,WAIT,NEUTRAL,50,19262.98,-15.22677176636221,-11.084214384274905,57.320674163602945,,,,,,,
2022-10-23,WAIT,NEUTRAL,50,19570.4,-16.81197114008912,6.648305604382119,40.98127784817886,,,,,,,
2022-10-30,WAIT,NEUTRAL,50,20627.48,-20.354885812518063,10.085575164780193,41.71973503307239,,,,,,,
2022-11-06,WAIT,NEUTRAL,50,20905.58,-18.176391183597875,13.569200184831024,35.99287845637383,,,,,,,
2022-11-13,WAIT,NEUTRAL,50,16329.85,4.624659748864802,40.43552145304458,64.83690909591942,,,,,,,
2022-11-20,WAIT,NEUTRAL,50,16280.23,2.8131052202579423,33.80363790929245,64.29608181211199,,,,,,,
2022-11-27,WAIT,NEUTRAL,50,16428.78,2.455021005820285,47.739272179674934,70.82826600636201,,,,,,,
2022-12-04,WAIT,NEUTRAL,50,17105.7,-2.858403923838257,37.701760231969445,58.51564098516867,,,,,,,
2022-12-11,WAIT,NEUTRAL,50,17085.05,0.2503943506164891,31.285773234494503,51.744068644809346,,,,,,,
2022-12-18,WAIT,NEUTRAL,50,16738.21,24.69373965316483,31.418532806076644,57.3643179288586,,,,,,,
2022-12-25,WAIT,NEUTRAL,50,16832.11,34.908101242209085,66.18754273825444,80.97944939760968,,,,,,,
2023-01-01,WAIT,NEUTRAL,50,16616.75,42.88173078369717,68.31239562489657,84.25402079227285,,,,,,,
2023-01-08,WAIT,NEUTRAL,50,17127.83,33.89267642194018,64.48008883787378,76.09183416696683,,,,,,,
2023-01-15,WAIT,NEUTRAL,50,20871.5,4.369786551038501,35.705435641904025,44.84819011570803,,,,,,,
2023-01-22,WAIT,NEUTRAL,50,22707.88,6.886948495412154,33.454333914042174,32.481543851737804,,,,,,,
2023-01-29,WAIT,NEUTRAL,50,23742.3,-0.7895191283068645,16.20862342738488,23.328784490129436,,,,,,,
2023-02-05,WAIT,NEUTRAL,50,22932.91,-2.1919154612301632,27.472745499807914,26.84138210109401,,,,,,,
2023-02-12,WAIT,NEUTRAL,50,21783.54,0.9804191605221175,30.511845182188008,34.52285533021722,,,,,,,
2023-02-19,WAIT,NEUTRAL,50,24271.76,15.24862638720884,10.900981222622509,7.903135166135473,,,,,,,
2023-02-26,WAIT,NEUTRAL,50,23554.85,18.735844210428006,13.555297528959006,10.812720097984077,,,,,,,
2023-03-05,WAIT,NEUTRAL,50,22430.24,25.59771986389801,25.121264863862347,15.786589889363633,,,,,,,
2023-03-12,WAIT,NEUTRAL,50,21997.11,28.76127818608898,23.267147366176733,17.47729588114075,,,,,,,
2023-03-19,WAIT,NEUTRAL,50,27972.87,8.335862569697005,-7.318948681347319,-5.167006460188035,,,,,,,
2023-03-26,WAIT,NEUTRAL,50,27968.05,-1.3495756765309013,-5.821213849374548,-6.148694671240928,,,,,,,
2023-04-02,WAIT,NEUTRAL,50,28171.87,3.7673750446810956,8.13148008989109,-0.6364504734687448,,,,,,,
2023-04-09,WAIT,NEUTRAL,50,28323.76,0.37544450313094074,8.096629825983557,-1.4359322349857475,,,,,,,
2023-04-16,WAIT,NEUTRAL,50,30304.65,-11.17660161064392,-0.47497661250006956,-10.396094328758128,,,,,,,
2023-04-23,WAIT,NEUTRAL,50,27590.6,-3.0547360332866984,9.573514167868778,8.705356172029607,,,,,,,
2023-04-30,WAIT,NEUTRAL,50,29233.21,-3.996174214189954,2.9094991620831268,18.10502507251171,,,,,,,
2023-05-07,WAIT,NEUTRAL,50,28430.1,-4.62499252552752,2.9932712160702977,23.15074516093858,,,,,,,
2023-05-14,WAIT,NEUTRAL,50,26917.62,-3.685578442670636,8.064606009000794,37.69467731545359,,,,,,,
2023-05-21,WAIT,NEUTRAL,50,26747.78,-1.524649896178291,9.556157557748723,39.67461972545012,,,,,,,
2023-05-28,WAIT,NEUTRAL,50,28065.0,8.54323890967397,-6.680954926064488,33.431070728665595,,,,,,,
2023-06-04,WAIT,NEUTRAL,50,27115.21,12.91459664151596,-3.7375332885122363,47.41637626999755,,,,,,,
2023-06-11,WAIT,NEUTRAL,50,25925.55,16.335854012740327,0.1761196965927429,68.90484483453582,,,,,,,
2023-06-18,WAIT,NEUTRAL,50,26339.97,14.776098833825552,-1.8920294897830199,57.07933608124838,,,,,,,
2023-06-25,WAIT,NEUTRAL,50,30462.66,-1.243850668326403,-12.917946101883427,41.12851602584936,,,,,,,
2023-07-02,WAIT,NEUTRAL,50,30617.03,-4.363388610848272,-14.268692946376568,38.104773715804576,,,,,,,
2023-07-09,WAIT,NEUTRAL,50,30160.71,-3.5552545016347454,-7.188623875233705,45.64982057783122,,,,,,,
2023-07-16,WAIT,NEUTRAL,50,30231.99,-3.070092309503944,-7.657253128226102,38.04036717397696,,,,,,,
2023-07-23,WAIT,NEUTRAL,50,30083.75,-12.943067270536412,-9.738147671084883,38.21524909627291,,,,,,,
2023-07-30,WAIT,NEUTRAL,50,29281.09,-10.857929127638348,2.4294519090648574,43.54335852934435,,,,,,,
2023-08-06,WAIT,NEUTRAL,50,29088.42,-10.716326290668244,18.692902536473284,46.391175594961844,,,,,,,
2023-08-13,WAIT,NEUTRAL,50,29303.84,-11.814936199487846,19.478812333127664,64.82478064308295,,,,,,,
2023-08-20,WAIT,NEUTRAL,50,26189.99,1.288736650911271,41.520214402525525,99.07479918854492,,,,,,,
2023-08-27,WAIT,NEUTRAL,50,26101.77,0.5616860465784527,43.13151943335644,98.18138769899511,,,,,,,
2023-09-03,WAIT,NEUTRAL,50,25971.21,7.783079802596801,44.18823766778676,143.0151309854258,,,,,,,
2023-09-10,WAIT,NEUTRAL,50,25841.61,8.031388137194233,54.681770988727095,166.84049484532892,,,,,,,
2023-09-17,WAIT,NEUTRAL,50,26527.51,2.3622269862493805,65.07207046571655,157.82095643352883,,,,,,,
2023-09-24,WAIT,NEUTRAL,50,26248.38,14.264042199937666,57.62744215071559,156.0538593238897,,,,,,,
2023-10-01,WAIT,NEUTRAL,50,27992.57,23.339479011752047,53.58182546297107,154.6390345723883,,,,,,,
2023-10-08,WAIT,NEUTRAL,50,27917.05,25.413967449999188,51.4614903795351,148.4517167823964,,,,,,,
2023-10-15,WAIT,NEUTRAL,50,27154.15,36.49526867900485,61.77645037683004,141.8114358210439,,,,,,,
2023-10-22,WAIT,NEUTRAL,50,29992.46,24.564173795680652,39.1428045582123,116.52491992987572,,,,,,,
2023-10-29,WAIT,NEUTRAL,50,34525.89,8.461881793633708,20.432319051007816,82.81533075613693,,,,,,,
2023-11-05,WAIT,NEUTRAL,50,35011.88,14.167705361722948,20.047995137650425,82.82937105919478,,,,,,,
2023-11-12,WAIT,NEUTRAL,50,37064.13,18.14525256629524,14.889733011404829,65.88542615191561,,,,,,,
2023-11-19,WAIT,NEUTRAL,50,37359.86,10.74626617979832,29.283112945284053,77.39362513671088,,,,,,,
2023-11-26,WAIT,NEUTRAL,50,37447.43,14.804941220265317,39.22896711469919,82.94358251020164,,,,,,,
2023-12-03,WAIT,NEUTRAL,50,39972.26,5.782310032007196,29.41187213332445,69.5316451959434,,,,,,,
2023-12-10,WAIT,NEUTRAL,50,43789.51,0.3185922838597526,44.130340805366394,59.0521108822638,,,,,,,
2023-12-17,WAIT,NEUTRAL,50,41374.65,0.8645390353755188,66.66214699097152,61.15391912680831,,,,,,,
2023-12-24,WAIT,NEUTRAL,50,42991.5,-3.282439552004462,59.08605189397903,47.029087145133346,,,,,,,
2023-12-31,WAIT,NEUTRAL,50,42283.58,-0.5972058184288181,58.95056662657231,48.45481390175571,,,,,,,
2024-01-07,WAIT,NEUTRAL,50,43929.02,-3.0643524485636138,62.261780481331016,27.154691818756717,,,,,,,
2024-01-14,WAIT,NEUTRAL,50,41732.35,15.737527361866752,66.2029336953227,45.68532565264119,,,,,,,
2024-01-21,WAIT,NEUTRAL,50,41580.33,25.390226580693316,57.91562981823375,63.9365055544292,,,,,,,
2024-01-28,WAIT,NEUTRAL,50,42031.06,23.072913221793602,54.507523721742935,62.379630682642805,,,,,,,
2024-02-04,WAIT,NEUTRAL,50,42582.88,48.21442326117915,48.22534314259629,36.58305873158415,,,,,,,
2024-02-11,WAIT,NEUTRAL,50,48299.99,42.765826659591454,32.530048142867116,21.55818251722205,,,,,,,
2024-02-18,WAIT,NEUTRAL,50,52137.67,31.178627660192713,17.92623260686563,12.0636000803258,,,,,,,
2024-02-25,WAIT,NEUTRAL,50,51728.85,29.92747760679004,28.11808110947759,24.147356842458322,,,,,,,
2024-03-03,WAIT,NEUTRAL,50,63113.97,12.938561779586982,8.545968507447713,-9.208912068120577,,,,,,,
2024-03-10,WAIT,NEUTRAL,50,68955.88,0.5866214744848368,-1.726103705731839,-20.427453032286742,,,,,,,
2024-03-17,WAIT,NEUTRAL,50,68393.48,-3.994006446228499,1.8344731105947576,-13.54146623333101,,,,,,,
2024-03-24,WAIT,NEUTRAL,50,67209.99,-3.3757481588674594,-0.793215413363415,-5.402812885405879,,,,,,,
2024-03-31,WAIT,NEUTRAL,50,71280.01,-11.449759897620655,-11.321547233228493,-7.96576768157019,,,,,,,
2024-04-07,WAIT,NEUTRAL,50,69360.39,-7.711014889045462,-9.498764352391902,-9.429704763770786,,,,,,,
2024-04-14,WAIT,NEUTRAL,50,65661.84,-6.362675794647239,-14.931092397045223,-4.251815057269184,,,,,,,
2024-04-21,WAIT,NEUTRAL,50,64941.15,2.0524120684650535,-6.379991730974888,6.299303292288486,,,,,,,
2024-04-28,WAIT,NEUTRAL,50,63118.62,8.537971837787321,7.995612071366569,7.768040556019752,,,,,,,
2024-05-05,WAIT,NEUTRAL,50,64012.0,5.863947384865345,6.620446166343817,7.442338936449423,,,,,,,
2024-05-12,WAIT,NEUTRAL,50,61483.99,13.2784973779353,-5.404642737076754,30.716972011738335,,,,,,,
2024-05-19,WAIT,NEUTRAL,50,66274.01,0.6078702646784171,-11.40932923781132,35.58254585772011,,,,,,,
2024-05-26,WAIT,NEUTRAL,50,68507.67,-7.732944354989735,-14.714148065464785,42.90376537400848,,,,,,,
2024-06-02,WAIT,NEUTRAL,50,67765.63,-7.368956800076974,-5.232195140811063,43.413674454144356,,,,,,,
2024-06-09,WAIT,NEUTRAL,50,69648.14,-19.799997530443743,-17.726647115055762,45.17198879970089,,,,,,,
2024-06-16,WAIT,NEUTRAL,50,66676.87,-8.817090544292185,-17.707669841130812,56.67200634942824,,,,,,,
2024-06-23,WAIT,NEUTRAL,50,63210.01,7.83947036236823,-6.451525636524977,50.587335771660214,,,,,,,
2024-06-30,WAIT,NEUTRAL,50,62772.01,8.726612386635384,1.2852065753510202,49.331206695468246,,,,,,,
2024-07-07,WAIT,NEUTRAL,50,55857.81,4.123308808562316,17.444650980767054,76.096431277918,,,,,,,
2024-07-14,WAIT,NEUTRAL,50,60797.91,-3.4299205350973527,3.3257722181568408,55.50708897723621,,,,,,,
2024-07-21,WAIT,NEUTRAL,50,68165.34,-14.285837934645377,-7.768346787384909,48.65556307648434,,,,,,,
2024-07-28,WAIT,NEUTRAL,50,68249.88,-5.904596462294152,1.1459507328071499,50.359238726866614,,,,,,,
2024-08-04,WAIT,NEUTRAL,50,58161.0,-1.4771754268324124,16.954144529839578,67.98299547806948,,,,,,,
2024-08-11,WAIT,NEUTRAL,50,58712.59,-6.544831355591704,17.14010572519456,64.29653333297,,,,,,,
2024-08-18,WAIT,NEUTRAL,50,58427.35,1.2060276565683732,37.555459900200844,64.50877885100043,,,,,,,
2024-08-25,WAIT,NEUTRAL,50,64220.0,-0.998505138586107,39.91901276860792,49.88788539395827,,,,,,,
2024-09-01,WAIT,NEUTRAL,50,57301.86,14.484957381837157,70.84967224449606,64.51472953932036,,,,,,,
2024-09-08,WAIT,NEUTRAL,50,54869.95,14.488731992648082,77.11913351479271,47.137677362563664,,,,,,,
2024-09-15,WAIT,NEUTRAL,50,59132.0,6.321484137184598,70.98963336264627,39.644405736318745,,,,,,,
2024-09-22,WAIT,NEUTRAL,50,63578.76,8.577125442522004,64.30642875073373,35.395059607957116,,,,,,,
2024-09-29,WAIT,NEUTRAL,50,65602.01,3.688438814603398,45.09657554699926,25.590648823107724,,,,,,,
2024-10-06,WAIT,NEUTRAL,50,62819.91,9.481197919576774,49.21734208151523,24.848953142403413,,,,,,,
2024-10-13,WAIT,NEUTRAL,50,62870.02,27.835190763419508,56.45550931906814,33.227252035230784,,,,,,,
2024-10-20,WAIT,NEUTRAL,50,69031.99,30.16572461550072,36.958329029773,23.390966999502695,,,,,,,
2024-10-27,WAIT,NEUTRAL,50,68021.7,43.92471814141663,48.96947591724407,37.82263601174332,,,,,,,
2024-11-03,WAIT,NEUTRAL,50,68775.99,41.30684269321312,49.20904809948936,37.0792626903662,,,,,,,
2024-11-10,WAIT,NEUTRAL,50,80370.01,25.80512308011409,21.563491157958055,29.548322813447463,,,,,,,
2024-11-17,WAIT,NEUTRAL,50,89855.99,16.25712431636444,7.352609436499441,18.47207960203876,,,,,,,
2024-11-24,WAIT,NEUTRAL,50,97900.04,-2.771980481315421,-1.8201422593902907,11.342334487299505,,,,,,,
2024-12-01,WAIT,NEUTRAL,50,97185.18,-3.5468165002112424,-0.9540343496817036,8.702715784443678,,,,,,,
2024-12-08,WAIT,NEUTRAL,50,101109.59,-2.715845252660995,-6.764531435643242,4.573661113649065,,,,,,,
2024-12-15,WAIT,NEUTRAL,50,104463.99,-9.495070980918886,-22.715597977829496,1.081731609141092,,,,,,,
2024-12-22,WAIT,NEUTRAL,50,95186.27,6.456078171778349,-13.24953693426584,6.069782963446294,,,,,,,
2024-12-29,WAIT,NEUTRAL,50,93738.2,9.475112600839362,-8.167107966656067,15.59527492527059,,,,,,,
2025-01-05,WAIT,NEUTRAL,50,98363.61,-0.6740500882389372,-16.239359250844895,11.020569497195147,,,,,,,
2025-01-12,WAIT,NEUTRAL,50,94545.06,2.028334425934049,-17.04484612945404,25.95754870746288,,,,,,,
2025-01-19,WAIT,NEUTRAL,50,101331.57,-5.1449415024360245,-17.34066688199937,15.724171647592144,,,,,,,
2025-01-26,WAIT,NEUTRAL,50,102620.0,-6.199571233677646,-16.995478464236985,16.366741375950113,,,,,,,
2025-02-02,WAIT,NEUTRAL,50,97700.59,-3.511329870167618,-4.044284686510076,16.896735219306258,,,,,,,
2025-02-09,WAIT,NEUTRAL,50,96462.75,-16.305133328668326,-2.2652578326867157,23.668473063436398,,,,,,,
2025-02-16,WAIT,NEUTRAL,50,96118.12,-14.090568979085313,8.322967615263392,22.146594211372424,,,,,,,
2025-02-23,WAIT,NEUTRAL,50,96258.0,-10.571069417606848,10.592636456190649,17.90561823432857,,,,,,,
2025-03-02,WAIT,NEUTRAL,50,94270.0,-12.602110957886914,15.629776174817017,14.825872493900505,,,,,,,
2025-03-09,WAIT,NEUTRAL,50,80734.37,-2.854261450234882,30.85248575049263,37.65802594359751,,,,,,,
2025-03-16,WAIT,NEUTRAL,50,82574.53,1.4356363881211327,28.046747586695318,39.59269280733417,,,,,,,
2025-03-23,WAIT,NEUTRAL,50,86082.5,-1.049295733743786,22.666058722736903,33.862620160892156,,,,,,,
2025-03-30,WAIT,NEUTRAL,50,82389.99,13.78724527093643,22.543855145509774,36.13783664738882,,,,,,,
2025-04-06,WAIT,NEUTRAL,50,78430.0,20.206069106209355,38.15750350631135,57.442700497258706,,,,,,,
2025-04-13,WAIT,NEUTRAL,50,83760.0,24.30515759312321,30.37707736389684,37.24785100286533,,,,,,,
2025-04-20,WAIT,NEUTRAL,50,85179.24,24.976766639383012,39.807117321074934,27.546078128896184,,,,,,,
2025-04-27,WAIT,NEUTRAL,50,93749.3,16.27200416429776,25.083728625173723,22.197605742122864,,,,,,,
2025-05-04,WAIT,NEUTRAL,50,94277.62,12.0551515831647,26.663729949907527,17.25018090189379,,,,,,,
2025-05-11,WAIT,NEUTRAL,50,104118.0,1.5520851341746864,9.69169596035268,0.5810330586450051,,,,,,,
2025-05-18,WAIT,NEUTRAL,50,106454.26,-0.8080935417708978,12.06128340941922,-11.453576399854729,,,,,,,
2025-05-25,WAIT,NEUTRAL,50,109004.19,-7.376156824797292,7.706878056705886,-20.34251160437044,,,,,,,
2025-06-01,WAIT,NEUTRAL,50,105642.93,2.569031358747812,7.431316037902398,-14.466590428720592,,,,,,,
2025-06-08,WAIT,NEUTRAL,50,105734.0,3.2816690941419,2.3761041859761343,-14.506866287097814,,,,,,,
2025-06-15,WAIT,NEUTRAL,50,105594.01,12.777836545841954,5.249663309500228,-16.4988904200153,,,,,,,
2025-06-22,WAIT,NEUTRAL,50,100963.87,16.145627143650497,14.16758291852323,-12.187537977694392,,,,,,,
2025-06-29,WAIT,NEUTRAL,50,108356.93,10.205733957209763,6.34510409255781,-18.830563029055906,,,,,,,
2025-07-06,WAIT,NEUTRAL,50,109203.84,4.583135538090975,2.710628124432255,-16.18451329184029,,,,,,,
2025-07-13,WAIT,NEUTRAL,50,119086.64,0.17413372314475858,3.6911529286576545,-23.57358474468673,,,,,,,
2025-07-20,WAIT,NEUTRAL,50,117265.12,0.11929378488675867,-1.966757037386729,-20.118497299111617,,,,,,,
2025-07-27,WAIT,NEUTRAL,50,119415.55,-4.959119645640795,-9.021245558053373,-27.42121105668399,,,,,,,
2025-08-03,WAIT,NEUTRAL,50,114208.8,-5.220657252330816,0.30698159861586083,-32.60746107130098,,,,,,,
2025-08-10,WAIT,NEUTRAL,50,119294.01,-6.837451436161798,-7.3376106646092305,-41.044500054948266,,,,,,,
2025-08-17,WAIT,NEUTRAL,50,117405.01,-1.8201948962825354,-10.801966628170288,-41.371684223697095,,,,,,,
2025-08-24,WAIT,NEUTRAL,50,113493.59,1.5319807929240736,-16.94558256549995,-40.39892473222497,,,,,,,
2025-08-31,WAIT,NEUTRAL,50,108246.35,3.619152054549637,-19.784824153424115,-39.23446841394652,,,,,,,
2025-09-07,WAIT,NEUTRAL,50,111137.34,11.107850880721099,-18.69519281278461,-40.63993253752519,,,,,,,
2025-09-14,WAIT,NEUTRAL,50,115268.01,-0.26825309120890684,-21.5781464432326,-36.829619943989655,,,,,,,
2025-09-21,WAIT,NEUTRAL,50,115232.29,-5.71845790793535,-23.483105299738465,-41.11112432114297,,,,,,,
2025-09-28,WAIT,NEUTRAL,50,112163.95,2.1356683675993913,-20.956011267434853,,,,,,,,
2025-10-05,WAIT,NEUTRAL,50,123482.31,-10.480553854232241,-28.77302829854737,,,,,,,,
2025-10-12,WAIT,NEUTRAL,50,114958.8,-8.90392036103369,-20.380405849747916,,,,,,,,
2025-10-19,WAIT,NEUTRAL,50,108642.78,-13.237271726662367,-16.226692652746923,,,,,,,,
2025-10-26,WAIT,NEUTRAL,50,114559.4,-24.205259454920323,-18.231816856582693,,,,,,,,
2025-11-02,WAIT,NEUTRAL,50,110540.68,-18.2563378477498,-21.594149773639888,,,,,,,,
2025-11-09,WAIT,NEUTRAL,50,104722.96,-13.681479209525788,-26.503022832815265,,,,,,,,
2025-11-16,WAIT,NEUTRAL,50,94261.44,-6.459979817834317,-25.387963519335155,,,,,,,,
2025-11-23,WAIT,NEUTRAL,50,86830.0,2.106253598986526,-20.72719106299666,,,,,,,,
2025-11-30,WAIT,NEUTRAL,50,90360.0,-2.664110225763605,-25.140106241699872,,,,,,,,
2025-12-07,WAIT,NEUTRAL,50,90395.31,1.2549544882361687,-27.234643036237166,,,,,,,,
2025-12-14,WAIT,NEUTRAL,50,88172.17,3.2226495049401596,-25.179112638375578,,,,,,,,
2025-12-21,WAIT,NEUTRAL,50,88658.86,5.655700964348063,-17.870317755044443,,,,,,,,
2025-12-28,WAIT,NEUTRAL,50,87952.71,-1.4579994180963904,-22.846038513196472,,,,,,,,
2026-01-04,WAIT,NEUTRAL,50,91529.73,-15.909060367598581,,,,,,,,,
2026-01-11,WAIT,NEUTRAL,50,91013.65,-22.72545931297118,,,,,,,,,
2026-01-18,WAIT,NEUTRAL,50,93673.14,-26.518338127663917,,,,,,,,,
2026-01-25,WAIT,NEUTRAL,50,86670.36,-21.95324906923198,,,,,,,,,
2026-02-01,WAIT,NEUTRAL,50,76968.21,-14.54073051718366,,,,,,,,,
2026-02-08,WAIT,NEUTRAL,50,70330.38,-6.198146519327788,,,,,,,,,
2026-02-15,WAIT,NEUTRAL,50,68832.58,5.786010055122158,,,,,,,,,
2026-02-22,WAIT,NEUTRAL,50,67643.4,0.3187302826292082,,,,,,,,,
2026-03-01,WAIT,NEUTRAL,50,65776.47,,,,,,,,,,
2026-03-08,WAIT,NEUTRAL,50,65971.2,,,,,,,,,,
2026-03-15,WAIT,NEUTRAL,50,72815.24,,,,,,,,,,
2026-03-22,WAIT,NEUTRAL,50,67859.0,,,,,,,,,,
2026-03-29,WAIT,NEUTRAL,50,70659.9,,,,,,,,,,
