date,score,desired_position,weekly_open,weekly_close,weekly_return,position,strategy_return,equity,benchmark_equity
2010-07-23,-24.3,0,0.04951,0.06262,0.26479499091092706,0.0,0.0,1.0,1.264794990910927
2010-07-30,-24.6,0,0.06262,0.0627,0.0012775471095498592,0.0,0.0,1.0,1.2664108260957385
2010-08-06,-23.1,0,0.0627,0.0623,-0.006379585326953818,0.0,-0.0,1.0,1.2583316501716826
2010-08-13,-31.0,0,0.0623,0.0645,0.035313001605136396,0.0,0.0,1.0,1.3027671177539892
2010-08-20,-7.3,0,0.0645,0.0655,0.015503875968992276,0.0,0.0,1.0,1.3229650575641287
2010-08-27,12.4,0,0.0655,0.065,-0.007633587786259555,0.0,-0.0,1.0,1.312866087659059
2010-09-03,17.37,0,0.065,0.06085,-0.06384615384615389,0.0,-0.0,1.0,1.2290446374469806
2010-09-10,16.23,0,0.06085,0.0618,0.015612161051766549,0.0,0.0,1.0,1.2482326802666128
2010-09-17,35.17,0,0.0618,0.0601,-0.027508090614886682,0.0,-0.0,1.0,1.213896182589376
2010-09-24,33.83,0,0.0601,0.0622,0.03494176372712143,0.0,0.0,1.0,1.2563118561906685
2010-10-01,50.67,0,0.0622,0.06197,-0.00369774919614152,0.0,-0.0,1.0,1.2516663300343365
2010-10-08,34.87,0,0.06197,0.08685,0.4014845893174117,0.0,0.0,1.0,1.754191072510604
2010-10-15,23.33,0,0.08685,0.105,0.20898100172711565,0.0,0.0,1.0,2.1207836800646334
2010-10-22,20.8,0,0.105,0.109,0.03809523809523818,0.0,0.0,1.0,2.201575439305191
2010-10-29,-26.67,0,0.109,0.19,0.7431192660550459,0.0,0.0,1.0,3.8376085639264796
2010-11-05,-26.67,0,0.19,0.2639,0.3889473684210527,0.0,0.0,1.0,5.330236315895779
2010-11-12,-2.93,0,0.2639,0.2682,0.016294050776809232,0.0,0.0,1.0,5.417087457079377
2010-11-19,-5.57,0,0.2682,0.28,0.043997017151379714,0.0,0.0,1.0,5.655423146839023
2010-11-26,-4.9,0,0.28,0.2844,0.01571428571428557,0.0,0.0,1.0,5.744294082003635
2010-12-03,-24.33,0,0.2844,0.251,-0.11744022503516172,0.0,-0.0,1.0,5.06968289234498
2010-12-10,8.5,0,0.251,0.204,-0.1872509960159363,0.0,-0.0,1.0,4.12037972126843
2010-12-17,2.5,0,0.204,0.24,0.17647058823529416,0.0,0.0,1.0,4.847505554433447
2010-12-24,1.18,0,0.24,0.248,0.03333333333333344,0.0,0.0,1.0,5.009089072914562
2010-12-31,-32.5,0,0.248,0.3,0.20967741935483875,0.0,0.0,1.0,6.059381943041809
2011-01-07,-35.83,0,0.3,0.32,0.06666666666666665,0.0,0.0,1.0,6.463340739244597
2011-01-14,-11.68,0,0.32,0.4,0.25,0.0,0.0,1.0,8.079175924055747
2011-01-21,-14.98,0,0.4,0.4199,0.04974999999999996,0.0,0.0,1.0,8.48111492627752
2011-01-28,-6.83,0,0.4199,0.446,0.06215765658490113,0.0,0.0,1.0,9.008281155322157
2011-02-04,-28.65,0,0.446,0.811,0.8183856502242153,0.0,0.0,1.0,16.380529186023026
2011-02-11,-32.5,0,0.811,1.07,0.3193588162762022,0.0,0.0,1.0,21.61179559684912
2011-02-18,-50.6,0,1.07,0.8989,-0.1599065420560748,0.0,-0.0,1.0,18.155928095334275
2011-02-25,-26.52,0,0.8989,0.9112,0.013683390810991236,0.0,0.0,1.0,18.40436275499899
2011-03-04,-38.28,0,0.9112,0.9012,-0.01097453906935908,0.0,-0.0,1.0,18.202383356897595
2011-03-11,-24.18,0,0.9012,0.88,-0.023524189968930354,0.0,-0.0,1.0,17.77418703292264
2011-03-18,5.65,0,0.88,0.8165,-0.0721590909090909,0.0,-0.0,1.0,16.49161785497879
2011-03-25,15.55,0,0.8165,0.8838,0.08242498469075321,0.0,0.0,1.0,17.850939204201172
2011-04-01,11.35,0,0.8838,0.7741,-0.1241231047748359,0.0,-0.0,1.0,15.635225207028885
2011-04-08,-1.82,0,0.7741,0.75,-0.03113292856220129,0.0,-0.0,1.0,15.148454857604525
2011-04-15,-45.0,0,0.75,0.9899,0.31986666666666674,0.0,0.0,1.0,19.99394061805696
2011-04-22,-20.0,0,0.9899,1.409,0.4233760985958177,0.0,0.0,1.0,28.45889719248637
2011-04-29,-7.5,0,1.409,2.88,1.0440028388928315,0.0,0.0,1.0,58.17006665320137
2011-05-06,-1.83,0,2.88,3.452,0.19861111111111107,0.0,0.0,1.0,69.72328822460108
2011-05-13,-7.5,0,3.452,8.198,1.3748551564310545,0.0,0.0,1.0,165.58271056352248
2011-05-20,-9.85,0,8.198,5.59,-0.31812637228592344,0.0,-0.0,1.0,112.90648353867903
2011-05-27,-7.5,0,5.59,8.5,0.5205724508050089,0.0,0.0,1.0,171.68248838618456
2011-06-03,-32.5,0,8.5,14.29,0.6811764705882353,0.0,0.0,1.0,288.6285598868914
2011-06-10,19.95,0,14.29,23.95,0.6759972008397481,0.0,0.0,1.0,483.74065845283764
2011-06-17,1.55,0,23.95,15.68,-0.3453027139874739,0.0,-0.0,1.0,316.7036962229851
2011-06-24,21.78,0,15.68,17.51,0.1167091836734695,0.0,0.0,1.0,353.6659260755402
2011-07-01,-28.18,0,17.51,15.4,-0.12050256996002295,0.0,-0.0,1.0,311.04827307614613
2011-07-08,-25.9,0,15.4,14.31,-0.07077922077922072,0.0,-0.0,1.0,289.0325186830942
2011-07-15,5.14,0,14.31,13.81,-0.034940600978336844,0.0,-0.0,1.0,278.93354877802454
2011-07-22,-4.62,0,13.81,13.7,-0.007965242577842258,0.0,-0.0,1.0,276.7117753989092
2011-07-29,5.8,0,13.7,13.5,-0.014598540145985384,0.0,-0.0,1.0,272.6721874368813
2011-08-05,13.52,0,13.5,9.8,-0.274074074074074,0.0,-0.0,1.0,197.9398101393657
2011-08-12,14.0,0,9.8,9.461,-0.034591836734693904,0.0,-0.0,1.0,191.09270854372846
2011-08-19,21.66,0,9.461,11.65,0.23137089102631858,0.0,0.0,1.0,235.30599878812353
2011-08-26,14.0,0,11.65,8.179,-0.2979399141630902,0.0,-0.0,1.0,165.1989497071298
2011-09-02,14.0,0,8.179,8.64,0.05636385866242821,0.0,0.0,1.0,174.51019995960405
2011-09-09,14.0,0,8.64,5.03,-0.41782407407407407,0.0,-0.0,1.0,101.59563724500097
2011-09-16,14.0,0,5.03,4.82,-0.041749502982107334,0.0,-0.0,1.0,97.3540698848717
2011-09-23,14.0,0,4.82,5.547,0.1508298755186721,0.0,0.0,1.0,112.03797212684302
2011-09-30,14.0,0,5.547,5.14,-0.07337299441139356,0.0,-0.0,1.0,103.81741062411629
2011-10-07,4.0,0,5.14,4.273,-0.16867704280155638,0.0,-0.0,1.0,86.30579680872547
2011-10-14,4.0,0,4.273,3.988,-0.06669787034870112,0.0,-0.0,1.0,80.54938396283576
2011-10-21,44.0,0,3.988,2.57,-0.3555667001003009,0.0,-0.0,1.0,51.90870531205815
2011-10-28,24.0,0,2.57,3.19,0.24124513618677046,0.0,0.0,1.0,64.43142799434456
2011-11-04,44.0,0,3.19,3.109,-0.025391849529780575,0.0,-0.0,1.0,62.79539486972327
2011-11-11,64.0,1,3.109,3.08,-0.009327758121582486,0.0,-0.0,1.0,62.209654615229226
2011-11-18,64.0,1,3.08,2.05,-0.3344155844155845,1.0,-0.3344155844155845,0.6655844155844155,41.40577661078568
2011-11-25,44.0,1,2.05,2.506,0.22243902439024388,1.0,0.22243902439024388,0.8136363636363635,50.616037164209224
2011-12-02,64.0,1,2.506,3.115,0.24301675977653647,1.0,0.24301675977653647,1.0113636363636362,62.9165825085841
2011-12-09,54.0,1,3.115,2.97,-0.0465489566613162,1.0,-0.0465489566613162,0.9642857142857142,59.98788123611389
2011-12-16,44.0,1,2.97,3.2,0.07744107744107742,1.0,0.07744107744107742,1.0389610389610389,64.63340739244595
2011-12-23,34.0,1,3.2,3.947,0.23343749999999996,1.0,0.23343749999999996,1.2814935064935062,79.72126843062004
2011-12-30,44.0,1,3.947,4.248,0.07626045097542433,1.0,0.07626045097542433,1.379220779220779,85.80084831347199
2012-01-06,44.0,1,4.248,6.697,0.5765065913370997,1.0,0.5765065913370997,2.174350649350649,135.26560290850327
2012-01-13,44.0,1,6.697,6.41,-0.04285500970583844,1.0,-0.04285500970583844,2.0811688311688306,129.46879418299326
2012-01-20,24.0,1,6.41,6.49,0.012480499219968744,1.0,0.012480499219968744,2.1071428571428563,131.0846293678044
2012-01-27,44.0,1,6.49,5.292,-0.18459167950693378,1.0,-0.18459167950693378,1.7181818181818174,106.88749747525746
2012-02-03,34.0,1,5.292,5.959,0.1260393046107331,1.0,0.1260393046107331,1.9347402597402588,120.3595233286204
2012-02-10,64.0,1,5.959,5.913,-0.007719416009397406,1.0,-0.007719416009397406,1.9198051948051942,119.430418097354
2012-02-17,24.0,1,5.913,4.41,-0.25418569254185697,1.0,-0.25418569254185697,1.4318181818181812,89.07291456271454
2012-02-24,64.0,1,4.41,5.029,0.1403628117913831,1.0,0.1403628117913831,1.632792207792207,101.5754393051908
2012-03-02,46.0,1,5.029,4.705,-0.06442632730165043,1.0,-0.06442632730165043,1.527597402597402,95.03130680670564
2012-03-09,14.0,1,4.705,4.861,0.033156216790648285,1.0,0.033156216790648285,1.5782467532467526,98.18218541708738
2012-03-16,24.0,1,4.861,5.344,0.09936227113762608,1.0,0.09936227113762608,1.7350649350649345,107.9377903453847
2012-03-23,24.0,1,5.344,4.686,-0.12312874251497008,1.0,-0.12312874251497008,1.521428571428571,94.647545950313
2012-03-30,24.0,1,4.686,4.86,0.03713188220230479,1.0,0.03713188220230479,1.5779220779220775,98.16198747727725
2012-04-06,14.0,1,4.86,4.95,0.01851851851851838,1.0,0.01851851851851838,1.6071428571428565,99.97980206018978
2012-04-13,24.0,1,4.95,4.94,-0.002020202020201922,1.0,-0.002020202020201922,1.6038961038961035,99.7778226620884
2012-04-20,24.0,1,4.94,5.35,0.082995951417004,1.0,0.082995951417004,1.7370129870129865,108.05897798424553
2012-04-27,24.0,1,5.35,5.109,-0.0450467289719626,1.0,-0.0450467289719626,1.6587662337662332,103.19127449000194
2012-05-04,24.0,1,5.109,5.067,-0.00822078684674099,1.0,-0.00822078684674099,1.6451298701298698,102.3429610179761
2012-05-11,24.0,1,5.067,4.96,-0.021117031774225414,1.0,-0.021117031774225414,1.61038961038961,100.18178145829118
2012-05-18,44.0,1,4.96,5.118,0.031854838709677535,1.0,0.031854838709677535,1.6616883116883114,103.37305594829321
2012-05-25,64.0,1,5.118,5.145,0.00527549824150042,1.0,0.00527549824150042,1.670454545454545,103.91840032316696
2012-06-01,44.0,1,5.145,5.275,0.025267249757045862,1.0,0.025267249757045862,1.7126623376623376,106.5441324984851
2012-06-08,44.0,1,5.275,5.633,0.06786729857819895,1.0,0.06786729857819895,1.8288961038961036,113.77499495051498
2012-06-15,44.0,1,5.633,6.5,0.15391443280667505,1.0,0.15391443280667505,2.11038961038961,131.2866087659058
2012-06-22,44.0,1,6.5,6.548,0.007384615384615323,1.0,0.007384615384615323,2.1259740259740254,132.2561098767925
2012-06-29,44.0,1,6.548,6.65,0.0155772755039707,1.0,0.0155772755039707,2.1590909090909087,134.3162997374267
2012-07-06,24.0,1,6.65,6.648,-0.0003007518796993569,1.0,-0.0003007518796993569,2.1584415584415577,134.2759038578064
2012-07-13,44.0,1,6.648,7.665,0.15297833935018046,1.0,0.15297833935018046,2.488636363636363,154.81720864471814
2012-07-20,44.0,1,7.665,8.52,0.11154598825831696,1.0,0.11154598825831696,2.766233766233765,172.08644718238727
2012-07-27,44.0,1,8.52,8.9,0.04460093896713624,1.0,0.04460093896713624,2.8896103896103886,179.76166431024023
2012-08-03,41.08,1,8.9,10.97,0.23258426966292145,1.0,0.23258426966292145,3.561688311688311,221.5713997172287
2012-08-10,20.2,1,10.97,11.39,0.03828623518687335,1.0,0.03828623518687335,3.6980519480519476,230.05453443748723
2012-08-17,19.8,1,11.39,11.58,0.01668129938542573,1.0,0.01668129938542573,3.759740259740259,233.8921430014137
2012-08-24,1.86,1,11.58,10.6,-0.08462867012089814,1.0,-0.08462867012089814,3.4415584415584406,214.0981619874771
2012-08-31,22.78,1,10.6,10.16,-0.04150943396226414,1.0,-0.04150943396226414,3.298701298701298,205.2110684710158
2012-09-07,-8.98,1,10.16,11.0,0.08267716535433078,1.0,0.08267716535433078,3.5714285714285707,222.17733791153287
2012-09-14,-0.52,1,11.0,11.74,0.06727272727272737,1.0,0.06727272727272737,3.8116883116883113,237.12381337103602
2012-09-21,18.16,1,11.74,12.37,0.05366269165247006,1.0,0.05366269165247006,4.016233766233765,249.8485154514238
2012-09-28,18.12,1,12.37,12.39,0.0016168148746968924,1.0,0.0016168148746968924,4.022727272727272,250.2524742476266
2012-10-05,17.46,1,12.39,12.7,0.02502017756255026,1.0,0.02502017756255026,4.123376623376622,256.5138355887697
2012-10-12,8.92,1,12.7,12.0,-0.055118110236220375,1.0,-0.055118110236220375,3.896103896103895,242.3752777216722
2012-10-19,39.48,1,12.0,11.74,-0.021666666666666612,1.0,-0.021666666666666612,3.811688311688311,237.123813371036
2012-10-26,32.72,1,11.74,10.19,-0.13202725724020448,1.0,-0.13202725724020448,3.3084415584415576,205.81700666531998
2012-11-02,22.12,1,10.19,10.47,0.027477919528950068,1.0,0.027477919528950068,3.399350649350649,211.47242981215902
2012-11-09,41.4,1,10.47,10.82,0.03342884431709647,1.0,0.03342884431709647,3.5129870129870127,218.5417087457078
2012-11-16,39.46,1,10.82,11.75,0.08595194085027713,1.0,0.08595194085027713,3.814935064935064,237.32579276913737
2012-11-23,18.2,1,11.75,12.35,0.051063829787234116,1.0,0.051063829787234116,4.009740259740259,249.444556655221
2012-11-30,49.74,1,12.35,12.57,0.01781376518218636,1.0,0.01781376518218636,4.0811688311688314,253.8881034134517
2012-12-07,35.8,1,12.57,13.5,0.07398568019093066,1.0,0.07398568019093066,4.383116883116883,272.67218743688125
2012-12-14,15.58,1,13.5,13.6,0.007407407407407307,1.0,0.007407407407407307,4.415584415584415,274.69198141789514
2012-12-21,15.8,1,13.6,13.5,-0.007352941176470562,1.0,-0.007352941176470562,4.383116883116882,272.6721874368812
2012-12-28,25.8,1,13.5,13.5,0.0,1.0,0.0,4.383116883116882,272.6721874368812
2013-01-04,-4.2,1,13.5,13.5,0.0,1.0,0.0,4.383116883116882,272.6721874368812
2013-01-11,-5.54,1,13.5,14.14,0.04740740740740734,1.0,0.04740740740740734,4.59090909090909,285.59886891537036
2013-01-18,11.2,1,14.14,15.7,0.11032531824611014,1.0,0.11032531824611014,5.097402597402596,317.1076550191877
2013-01-25,7.64,1,15.7,17.4,0.10828025477707004,1.0,0.10828025477707004,5.649350649350647,351.44415269642457
2013-02-01,1.18,1,17.4,20.5,0.17816091954023006,1.0,0.17816091954023006,6.655844155844155,414.0577661078566
2013-02-08,6.66,1,20.5,22.66,0.10536585365853668,1.0,0.10536585365853668,7.357142857142857,457.6853160977576
2013-02-15,-12.62,1,22.66,27.1,0.19593998234774945,1.0,0.19593998234774945,8.7987012987013,547.3641688547764
2013-02-22,-16.0,1,27.1,30.25,0.11623616236162349,1.0,0.11623616236162349,9.821428571428571,610.9876792567153
2013-03-01,4.0,1,30.25,34.5,0.14049586776859502,1.0,0.14049586776859502,11.2012987012987,696.8289234498075
2013-03-08,-5.98,1,34.5,44.18,0.28057971014492744,1.0,0.28057971014492744,14.344155844155843,892.3449808119562
2013-03-15,-6.0,1,44.18,46.95,0.0626980534178363,1.0,0.0626980534178363,15.243506493506494,948.2932740860424
2013-03-22,4.0,1,46.95,69.87,0.48817891373801925,1.0,0.48817891373801925,22.685064935064936,1411.2300545344362
2013-03-29,-16.0,1,69.87,90.5,0.29526263059968505,1.0,0.29526263059968505,29.383116883116884,1827.913552817611
2013-04-05,-4.0,1,90.5,142.32,0.5725966850828728,1.0,0.5725966850828728,46.2077922077922,2874.5707937790316
2013-04-12,-15.32,1,142.32,117.0,-0.17790893760539628,1.0,-0.17790893760539628,37.98701298701298,2363.1589577863033
2013-04-19,-15.7,1,117.0,118.5,0.012820512820512775,1.0,0.012820512820512775,38.47402597402597,2393.4558675015123
2013-04-26,-20.32,1,118.5,136.9,0.15527426160337554,1.0,0.15527426160337554,44.44805194805195,2765.0979600080764
2013-05-03,-10.58,1,136.9,98.1,-0.28341855368882407,1.0,-0.28341855368882407,31.850649350649345,1981.4178953746696
2013-05-10,-15.5,1,98.1,117.7,0.19979612640163102,1.0,0.19979612640163102,38.21428571428571,2377.2975156534008
2013-05-17,-36.96,1,117.7,123.5,0.049277824978759543,1.0,0.049277824978759543,40.09740259740259,2494.445566552209
2013-05-24,-39.36,1,123.5,133.1,0.07773279352226714,1.0,0.07773279352226714,43.21428571428571,2688.3457887295467
2013-05-31,-18.28,1,133.1,128.82,-0.032156273478587516,1.0,-0.032156273478587516,41.82467532467532,2601.8986063421503
2013-06-07,-33.82,1,128.82,111.0,-0.1383325570563576,1.0,-0.1383325570563576,36.03896103896104,2241.9713189254676
2013-06-14,-11.06,1,111.0,99.99,-0.09918918918918929,1.0,-0.09918918918918929,32.464285714285715,2019.5920016158332
2013-06-21,-13.44,1,99.99,109.5,0.0951095109510951,1.0,0.0951095109510951,35.55194805194805,2211.6744092102585
2013-06-28,-9.72,1,109.5,94.66,-0.13552511415525115,1.0,-0.13552511415525115,30.733766233766232,1911.9369824277906
2013-07-05,-6.0,1,94.66,68.5,-0.27635748996408194,1.0,-0.27635748996408194,22.24025974025974,1383.5588769945452
2013-07-12,-9.56,1,68.5,93.99,0.3721167883211678,1.0,0.3721167883211678,30.516233766233764,1898.404362754997
2013-07-19,-9.08,1,93.99,92.09,-0.020214916480476575,1.0,-0.020214916480476575,29.899350649350648,1860.0282771157324
2013-07-26,-0.06,1,92.09,96.02,0.04267564339233343,1.0,0.04267564339233343,31.17532467532467,1939.4061805695796
2013-08-02,-22.2,1,96.02,104.5,0.08831493438866911,1.0,0.08831493438866911,33.92857142857142,2110.6847101595613
2013-08-09,30.24,1,104.5,102.8,-0.016267942583732098,1.0,-0.016267942583732098,33.37662337662337,2076.3482124823245
2013-08-16,8.68,1,102.8,108.99,0.060214007782101175,1.0,0.060214007782101175,35.38636363636363,2201.373459907087
2013-08-23,-5.7,1,108.99,118.51,0.08734746307000663,1.0,0.08734746307000663,38.477272727272734,2393.657846899614
2013-08-30,9.4,1,118.51,138.03,0.1647118386634039,1.0,0.1647118386634039,44.81493506493507,2787.921631993534
2013-09-06,13.44,1,138.03,121.9,-0.1168586539158154,1.0,-0.1168586539158154,39.57792207792208,2462.1288628559864
2013-09-13,8.74,1,121.9,140.66,0.15389663658736663,1.0,0.15389663658736663,45.66883116883117,2841.0422136942
2013-09-20,30.46,1,140.66,133.81,-0.04869899047348214,1.0,-0.04869899047348214,43.4448051948052,2702.686325994746
2013-09-27,41.18,1,133.81,138.93,0.03826320902772595,1.0,0.03826320902772595,45.10714285714286,2806.0997778226597
2013-10-04,61.7,1,138.93,136.82,-0.015187504498668458,1.0,-0.015187504498668458,44.422077922077925,2763.4821248232656
2013-10-11,40.88,1,136.82,140.1,0.02397310334746372,1.0,0.02397310334746372,45.48701298701299,2829.7313674005222
2013-10-18,33.82,1,140.1,168.28,0.20114204139900083,1.0,0.20114204139900083,54.63636363636364,3398.909311250249
2013-10-25,14.4,1,168.28,197.88,0.17589731400047537,1.0,0.17589731400047537,64.24675324675324,3996.7683296303735
2013-11-01,0.5,1,197.88,213.43,0.07858297958358618,1.0,0.07858297958358618,69.29545454545455,4310.846293678041
2013-11-08,-6.0,1,213.43,355.0,0.6633088131940215,1.0,0.6633088131940215,115.25974025974027,7170.268632599468
2013-11-15,6.0,1,355.0,433.92,0.2223098591549295,1.0,0.2223098591549295,140.88311688311688,8764.290042415665
2013-11-22,-15.34,1,433.92,802.0,0.8482669616519174,1.0,0.8482669616519174,260.38961038961037,16198.747727731756
2013-11-29,-36.0,1,802.0,1206.93,0.5049002493765586,1.0,0.5049002493765586,391.8603896103896,24377.49949505148
2013-12-06,-39.36,1,1206.93,845.02,-0.2998599753092558,1.0,-0.2998599753092558,274.3571428571428,17067.663098363948
2013-12-13,-34.28,1,845.02,936.77,0.10857731177960295,1.0,0.10857731177960295,304.14610389610385,18920.824075944234
2013-12-20,-60.9,0,936.77,649.96,-0.3061690703160861,1.0,-0.3061690703160861,211.025974025974,13127.85295899817
2013-12-27,-49.1,0,649.96,803.05,0.23553757154286403,0.0,0.0,211.025974025974,16219.9555645324
2014-01-03,-33.46,0,803.05,884.26,0.10112695348982004,0.0,0.0,211.025974025974,17860.230256513816
2014-01-10,-47.42,0,884.26,957.76,0.08312034921855571,0.0,0.0,211.025974025974,19344.77883255906
2014-01-17,-2.0,0,957.76,894.16,-0.0664049448713665,0.0,-0.0,211.025974025974,18060.189860634197
2014-01-24,-3.2,0,894.16,916.55,0.025040261250782736,0.0,0.0,211.025974025974,18512.421732983214
2014-01-31,-16.4,0,916.55,938.85,0.02433036931973165,0.0,0.0,211.025974025974,18962.835790749323
2014-02-07,-3.34,0,938.85,695.65,-0.25904031527933113,0.0,-0.0,211.025974025974,14050.696828923434
2014-02-14,23.04,0,695.65,427.68,-0.3852080787752461,0.0,-0.0,211.025974025974,8638.254898000396
2014-02-21,26.0,0,427.68,111.56,-0.7391507669285446,0.0,-0.0,211.025974025974,2253.282165219146
2014-02-28,3.2,0,111.56,573.94,4.144675510935819,0.0,0.0,211.025974025974,11592.405574631379
2014-03-07,-9.1,0,573.94,616.73,0.07455483151548936,0.0,0.0,211.025974025974,12456.675419107241
2014-03-14,1.04,0,616.73,614.03,-0.0043779287532632605,0.0,-0.0,211.025974025974,12402.140981619865
2014-03-21,-25.5,0,614.03,549.6,-0.10492972656059141,0.0,-0.0,211.025974025974,11100.787719652588
2014-03-28,8.1,0,549.6,482.61,-0.12188864628820961,0.0,-0.0,211.025974025974,9747.727731771352
2014-04-04,10.14,0,482.61,444.36,-0.07925654254988501,0.0,-0.0,211.025974025974,8975.156534033522
2014-04-11,52.64,0,444.36,435.14,-0.0207489422990369,0.0,-0.0,211.025974025974,8788.931528984036
2014-04-18,39.94,0,435.14,485.52,0.1157788298019029,0.0,0.0,211.025974025974,9806.503736618857
2014-04-25,19.06,0,485.52,464.49,-0.043314384577360254,0.0,-0.0,211.025974025974,9381.741062411627
2014-05-02,51.64,0,464.49,453.67,-0.023294365863635424,0.0,-0.0,211.025974025974,9163.19935366592
2014-05-09,20.08,0,453.67,445.45,-0.018118896995613643,0.0,-0.0,211.025974025974,8997.172288426573
2014-05-16,26.37,0,445.45,453.63,0.01836345268829276,0.0,0.0,211.025974025974,9162.391436073513
2014-05-23,23.48,0,453.63,518.09,0.1420981857460928,0.0,0.0,211.025974025974,10464.350636235096
2014-05-30,9.27,0,518.09,612.35,0.181937501206354,0.0,0.0,211.025974025974,12368.20844273883
2014-06-06,-0.77,0,612.35,650.41,0.06215399689719914,0.0,0.0,211.025974025974,13136.942031912733
2014-06-13,9.37,0,650.41,610.35,-0.06159191894343563,0.0,-0.0,211.025974025974,12327.812563118552
2014-06-20,1.9,0,610.35,590.75,-0.03211272220856887,0.0,-0.0,211.025974025974,11931.932942839821
2014-06-27,-15.27,0,590.75,602.23,0.019432924248836247,0.0,0.0,211.025974025974,12163.80529186022
2014-07-04,-24.58,0,602.23,623.96,0.03608255981933817,0.0,0.0,211.025974025974,12602.706523934548
2014-07-11,35.02,0,623.96,632.9,0.01432784152830302,0.0,0.0,211.025974025974,12783.276105837193
2014-07-18,8.6,0,632.9,627.47,-0.008579554431979663,0.0,-0.0,211.025974025974,12673.601292668138
2014-07-25,9.8,0,627.47,600.5,-0.042982134604044875,0.0,-0.0,211.025974025974,12128.862855988678
2014-08-01,26.55,0,600.5,598.78,-0.0028642797668609887,0.0,-0.0,211.025974025974,12094.122399515238
2014-08-08,26.68,0,598.78,595.85,-0.004893283008784444,0.0,-0.0,211.025974025974,12034.94243587153
2014-08-15,14.47,0,595.85,496.45,-0.16682050851724428,0.0,-0.0,211.025974025974,10027.267218743678
2014-08-22,13.58,0,496.45,516.1,0.03958102527948437,0.0,0.0,211.025974025974,10424.156736012917
2014-08-29,13.73,0,516.1,512.56,-0.006859135826390417,0.0,-0.0,211.025974025974,10352.656029085023
2014-09-05,15.03,0,512.56,483.65,-0.05640315280162311,0.0,-0.0,211.025974025974,9768.733589173895
2014-09-12,-1.37,0,483.65,477.73,-0.012240256383748482,0.0,-0.0,211.025974025974,9649.16178549787
2014-09-19,2.22,0,477.73,397.67,-0.16758420028049315,0.0,-0.0,211.025974025974,8032.114724298114
2014-09-26,-14.77,0,397.67,404.46,0.01707445872205593,0.0,0.0,211.025974025974,8169.25873560896
2014-10-03,11.67,0,404.46,363.45,-0.10139445186174156,0.0,-0.0,211.025974025974,7340.941223995145
2014-10-10,30.0,0,363.45,361.71,-0.004787453569954581,0.0,-0.0,211.025974025974,7305.796808725503
2014-10-17,29.65,0,361.71,380.48,0.05189239998894157,0.0,0.0,211.025974025974,7684.912138961819
2014-10-24,3.33,0,380.48,355.1,-0.0667052144659378,0.0,-0.0,211.025974025974,7172.288426580482
2014-10-31,22.77,0,355.1,337.87,-0.04852154322725999,0.0,-0.0,211.025974025974,6824.277923651781
2014-11-07,22.63,0,337.87,341.87,0.011838872939296197,0.0,0.0,211.025974025974,6905.069682892338
2014-11-14,10.6,0,341.87,396.53,0.1598853365314299,0.0,0.0,211.025974025974,8009.089072914554
2014-11-21,30.47,0,396.53,351.77,-0.11287922729679978,0.0,-0.0,211.025974025974,7105.029287012717
2014-11-28,19.78,0,351.77,377.59,0.0734002331068595,0.0,0.0,211.025974025974,7626.540092910514
2014-12-05,19.77,0,377.59,377.63,0.0001059350088721267,0.0,0.0,211.025974025974,7627.34801050292
2014-12-12,33.75,0,377.63,353.4,-0.0641633344808411,0.0,-0.0,211.025974025974,7137.951928903243
2014-12-19,30.57,0,353.4,317.78,-0.1007923033389927,0.0,-0.0,211.025974025974,6418.501312866079
2014-12-26,28.92,0,317.78,329.98,0.038391339920700096,0.0,0.0,211.025974025974,6664.916178549781
2015-01-02,31.95,0,329.98,315.21,-0.0447602885023336,0.0,-0.0,211.025974025974,6366.592607554022
2015-01-09,53.72,0,315.21,287.97,-0.08641857809079645,0.0,-0.0,211.025974025974,5816.400727125827
2015-01-16,61.2,1,287.97,206.92,-0.28145292912456166,0.0,-0.0,211.025974025974,4179.357705514033
2015-01-23,63.78,1,206.92,232.17,0.1220278368451575,1.0,0.1220278368451575,236.77701715450598,4689.355685720051
2015-01-30,30.73,1,232.17,231.84,-0.0014213722703191323,1.0,-0.0014213722703191323,236.44046886807368,4682.690365582705
2015-02-06,59.12,1,231.84,222.96,-0.038302277432712195,1.0,-0.038302277432712195,227.38426043316818,4503.332660068668
2015-02-13,38.8,1,222.96,236.17,0.05924829565841394,1.0,0.05924829565841394,240.85639032338233,4770.147444960608
2015-02-20,22.65,1,236.17,244.52,0.03535588770800713,1.0,0.03535588770800713,249.37208181341177,4938.800242375272
2015-02-27,38.08,1,244.52,253.47,0.03660232291837073,1.0,0.03660232291837073,258.49967927877265,5119.57180367602
2015-03-06,8.57,1,253.47,272.56,0.07531463289541174,1.0,0.07531463289541174,277.9684877272351,5505.15047465158
2015-03-13,23.13,1,272.56,287.21,0.05374963310830627,1.0,0.05374963310830627,292.9091919582447,5801.050292870121
2015-03-20,27.55,1,287.21,261.78,-0.08854148532432715,1.0,-0.08854148532432715,266.97457703711325,5287.416683498277
2015-03-27,30.15,1,261.78,247.21,-0.05565742226296877,1.0,-0.05565742226296877,252.11546026948116,4993.132700464547
2015-04-03,45.88,1,247.21,254.48,0.02940819546134854,1.0,0.02940819546134854,259.5297210039139,5139.97172288426
2015-04-10,65.9,1,254.48,234.73,-0.07760924237661115,1.0,-0.07760924237661115,239.38781598258686,4741.062411634008
2015-04-17,68.02,1,234.73,222.59,-0.05171899629361387,1.0,-0.05171899629361387,227.00691841504712,4495.859422338916
2015-04-24,41.85,1,222.59,231.09,0.03818680084460224,1.0,0.03818680084460224,235.6755863989094,4667.541910725101
2015-05-01,33.37,1,231.09,233.21,0.009173914924921034,1.0,0.009173914924921034,237.83765417841386,4710.361543122596
2015-05-08,48.58,1,233.21,243.74,0.04515243771707911,1.0,0.04515243771707911,248.57660404548088,4923.045849323364
2015-05-15,43.13,1,243.74,237.2,-0.026831870025437077,1.0,-0.026831870025437077,241.906828914368,4790.951322965052
2015-05-22,32.83,1,237.2,240.37,0.013364249578414977,1.0,0.013364249578414977,245.13973215070254,4854.978792163194
2015-05-29,16.88,1,240.37,237.03,-0.013895244830885778,1.0,-0.013895244830885778,241.73345555469078,4787.517673197329
2015-06-05,35.52,1,237.03,225.29,-0.04952959540986379,1.0,-0.04952959540986379,229.76049530403864,4550.393859826293
2015-06-12,34.92,1,225.29,230.46,0.022948200097651972,1.0,0.022948200097651972,235.03308512481135,4654.817208644714
2015-06-19,16.37,1,230.46,244.13,0.05931615030807946,1.0,0.05931615030807946,248.9743429294463,4930.923045849318
2015-06-26,0.07,1,244.13,242.95,-0.004833490353500225,1.0,-0.004833490353500225,247.77092784462775,4907.089476873354
2015-07-03,31.73,1,242.95,255.4,0.05124511216299665,1.0,0.05124511216299665,260.4679768327554,5158.55382750959
2015-07-10,46.1,1,255.4,283.62,0.11049334377447151,1.0,0.11049334377447151,289.2479545391781,5728.539688951722
2015-07-17,45.28,1,283.62,279.62,-0.014103377758973301,1.0,-0.014103377758973301,285.16858137030175,5647.747929711165
2015-07-24,35.93,1,279.62,288.37,0.0312924683499034,1.0,0.0312924683499034,294.09221017721876,5824.479903049884
2015-07-31,45.2,1,288.37,283.73,-0.016090439366092113,1.0,-0.016090439366092113,289.3601373013222,5730.761462330838
2015-08-07,46.3,1,283.73,277.89,-0.02058294857787346,1.0,-0.02058294857787346,283.4042524747627,5612.8054938396235
2015-08-14,48.38,1,277.89,265.03,-0.04627730396919649,1.0,-0.04627730396919649,270.2890677368252,5353.059987881231
2015-08-21,53.27,1,265.03,232.4,-0.12311813756933165,1.0,-0.12311813756933165,237.01158111171634,4694.001211876384
2015-08-28,63.33,1,232.4,231.64,-0.00327022375215158,1.0,-0.00327022375215158,236.2365002096298,4678.650777620678
2015-09-04,53.33,1,231.64,230.25,-0.0060006907269900545,1.0,-0.0060006907269900545,234.8189180334453,4650.575641284585
2015-09-11,54.35,1,230.25,239.9,0.04191096634093383,1.0,0.04191096634093383,244.66040580335954,4845.4857604524295
2015-09-18,36.67,1,239.9,232.21,-0.0320550229262192,1.0,-0.0320550229262192,236.81781088619476,4690.163603312458
2015-09-25,3.33,1,232.21,235.03,0.012144179837216384,1.0,0.012144179837216384,239.69376897025262,4747.121793577051
2015-10-02,53.33,1,235.03,236.71,0.007148023656554425,1.0,0.007148023656554425,241.40710570118068,4781.054332458085
2015-10-09,46.12,1,236.71,244.04,0.030966161125427716,1.0,0.030966161125427716,248.8825570331466,4929.105231266406
2015-10-16,43.7,1,244.04,262.87,0.07715948205212264,1.0,0.07715948205212264,268.08620622563205,5309.43243789133
2015-10-23,31.97,1,262.87,276.92,0.053448472629056276,1.0,0.053448472629056276,282.4150044813103,5593.213492223788
2015-10-30,42.03,1,276.92,327.12,0.18127979199768873,1.0,0.18127979199768873,333.61113775070856,6607.150070692783
2015-11-06,19.92,1,327.12,369.81,0.13050256786500358,1.0,0.13050256786500358,377.1482478955415,7469.400121187631
2015-11-13,8.43,1,369.81,333.77,-0.09745545009599532,1.0,-0.09745545009599532,340.39309564396547,6741.466370430208
2015-11-20,10.4,1,333.77,321.12,-0.03790035054079155,1.0,-0.03790035054079155,327.492077997394,6485.962431831946
2015-11-27,5.62,1,321.12,359.52,0.11958146487294452,1.0,0.11958146487294452,366.654060418607,7261.563320541295
2015-12-04,5.67,1,359.52,361.67,0.005980195816644551,1.0,0.005980195816644551,368.8467234968781,7304.988891133095
2015-12-11,34.43,1,361.67,449.83,0.24375812204495806,1.0,0.24375812204495806,458.756108138913,9085.63926479498
2015-12-18,22.63,1,449.83,463.18,0.029677878309583683,1.0,0.029677878309583683,472.37101609003787,9355.281761260341
2015-12-25,8.07,1,463.18,454.05,-0.019711559221037178,1.0,-0.019711559221037178,463.0598468320776,9170.874570793769
2016-01-01,3.67,1,454.05,433.99,-0.04418015637044381,1.0,-0.04418015637044381,442.60179039016265,8765.703898202373
2016-01-08,9.23,1,433.99,452.87,0.0435033065278001,1.0,0.0435033065278001,461.856431747259,9147.041001817803
2016-01-15,50.0,1,452.87,372.26,-0.17799810100028712,1.0,-0.17799810100028712,379.6468639614782,7518.88507372247
2016-01-22,38.58,1,372.26,382.65,0.027910600118197015,1.0,0.027910600118197015,390.2430357676345,7728.741668349819
2016-01-29,22.63,1,382.65,380.29,-0.00616751600679466,1.0,-0.00616751600679466,387.8362055979975,7681.07453039789
2016-02-05,38.62,1,380.29,386.46,0.016224460280312325,1.0,0.016224460280312325,394.12863871098926,7805.6958190264495
2016-02-12,49.33,1,386.46,384.04,-0.006261967603374163,1.0,-0.006261967603374163,391.6606179438191,7756.816804685913
2016-02-19,27.07,1,384.04,419.98,0.09358400166649306,1.0,0.09358400166649306,428.31378586617313,8482.73076146232
2016-02-26,42.92,1,419.98,427.32,0.01747702271536733,1.0,0.01747702271536733,435.7994356310612,8630.983639668742
2016-03-04,19.53,1,427.32,409.48,-0.041748572498361836,1.0,-0.041748572498361836,417.60543129787266,8270.652393455857
2016-03-11,28.33,1,409.48,419.11,0.02351763211878488,1.0,0.02351763211878488,427.42652220194253,8465.1585538275
2016-03-18,3.78,1,419.11,408.16,-0.02612679248884542,1.0,-0.02612679248884542,416.2592381521435,8243.991112906473
2016-03-25,2.92,1,408.16,415.71,0.018497647981183807,1.0,0.018497647981183807,423.9590550083976,8396.485558473025
2016-04-01,28.27,1,415.71,415.64,-0.00016838661566953572,1.0,-0.00016838661566953572,423.88766597794233,8395.071702686315
2016-04-08,29.95,1,415.64,417.69,0.004932152824559832,1.0,0.004932152824559832,425.9783447269915,8436.477479297102
2016-04-15,28.55,1,417.69,428.67,0.026287438052144063,1.0,0.026287438052144063,437.1762240755572,8658.250858412433
2016-04-22,7.97,1,428.67,445.28,0.03874775468308944,1.0,0.03874775468308944,454.1158211593162,8993.738638658848
2016-04-29,15.15,1,445.28,454.98,0.02178404599353234,1.0,0.02178404599353234,464.00830109384145,9189.658654817202
2016-05-06,23.17,1,454.98,459.56,0.01006637654402387,1.0,0.01006637654402387,468.6791833722049,9282.165219147639
2016-05-13,42.53,1,459.56,455.41,-0.00903037688223518,1.0,-0.00903037688223518,464.44683370949565,9198.34376893556
2016-05-20,18.27,1,455.41,442.11,-0.029204453130146524,1.0,-0.029204453130146524,450.88291792298173,8929.711169460707
2016-05-27,13.73,1,442.11,474.05,0.07224446404740892,1.0,0.07224446404740892,483.4567126764594,9574.833366996556
2016-06-03,16.65,1,474.05,567.03,0.19613964771648562,1.0,0.19613964771648562,578.2817419869904,11452.837810543313
2016-06-10,25.55,1,567.03,577.89,0.01915242579757681,1.0,0.01915242579757681,589.3572401404897,11672.187436881426
2016-06-17,3.38,1,577.89,743.9,0.28726920348163154,1.0,0.28726920348163154,758.6614250817809,15025.24742476266
2016-06-24,-9.38,1,743.9,656.89,-0.11696464578572385,1.0,-0.11696464578572385,669.9248602257979,13267.824681882435
2016-07-01,-10.18,1,656.89,674.57,0.02691470413615682,1.0,0.02691470413615682,687.9556896322315,13624.924257725701
2016-07-08,0.35,1,674.57,662.78,-0.017477800673021404,1.0,-0.017477800673021404,675.9317372169684,13386.790547364157
2016-07-15,-9.72,1,662.78,664.2,0.00214249072090289,1.0,0.00214249072090289,677.3799146919195,13415.471621894554
2016-07-22,8.63,1,664.2,651.11,-0.019707919301415244,1.0,-0.019707919301415244,664.0301659967715,13151.08058977983
2016-07-29,8.65,1,651.11,655.43,0.006634823608913987,1.0,0.006634823608913987,668.435889019158,13238.335689759631
2016-08-05,14.13,1,655.43,574.66,-0.12323207665196889,1.0,-0.12323207665196889,586.0631463066222,11606.948091294676
2016-08-12,12.82,1,574.66,587.14,0.021717189294539363,1.0,0.021717189294539363,598.7907905935165,11859.018380125215
2016-08-19,21.75,1,587.14,574.56,-0.021425895016520813,1.0,-0.021425895016520813,585.9611619774003,11604.928297313661
2016-08-26,13.2,1,574.56,579.37,0.00837162350320253,1.0,0.00837162350320253,590.8666082129741,11702.080387800434
2016-09-02,-10.78,1,579.37,575.29,-0.007042131970934062,1.0,-0.007042131970934062,586.7056475807202,11619.672793375064
2016-09-09,-6.98,1,575.29,623.16,0.08321020702602167,1.0,0.08321020702602167,635.525545979248,12586.548172086435
2016-09-16,-14.35,1,623.16,607.78,-0.024680659862635568,1.0,-0.024680659862635568,619.8403561449185,12275.903857806492
2016-09-23,-21.53,1,607.78,602.92,-0.007996314455888665,1.0,-0.007996314455888665,614.8839177447337,12177.741870329215
2016-09-30,-13.45,1,602.92,608.14,0.008657865056723946,1.0,0.008657865056723946,620.2074997301173,12283.175116138142
2016-10-07,-14.07,1,608.14,616.03,0.01297398625316526,1.0,0.01297398625316526,628.2540633057258,12442.53686124014
2016-10-14,-16.55,1,616.03,637.92,0.035533983734558294,1.0,0.035533983734558294,650.5784329724016,12884.669763684089
2016-10-21,-23.4,1,637.92,630.45,-0.011709932279909574,1.0,-0.011709932279909574,642.9602035795251,12733.79115330235
2016-10-28,-22.03,1,630.45,686.24,0.088492346736458,1.0,0.088492346736458,699.8572608524281,13860.634215310023
2016-11-04,-6.92,1,686.24,702.08,0.02308230356726515,1.0,0.02308230356726515,716.0115786011785,14180.569581902631
2016-11-11,1.95,1,702.08,714.97,0.01835973108477673,1.0,0.01835973108477673,729.1573586378826,14440.921026055328
2016-11-18,-28.33,1,714.97,746.96,0.04474313607563962,1.0,0.04474313607563962,761.7821455559713,15087.053120581688
2016-11-25,-10.2,1,746.96,740.39,-0.00879565170825758,1.0,-0.00879565170825758,755.0817751260918,14954.35265602907
2016-12-02,-30.22,1,740.39,770.94,0.041262037574791854,1.0,0.041262037574791854,786.2379877033851,15571.399717228831
2016-12-09,-2.88,1,770.94,770.48,-0.0005966741899500194,1.0,-0.0005966741899500194,785.7688597889643,15562.108664916166
2016-12-16,-3.75,1,770.48,782.05,0.015016613020454761,1.0,0.015016613020454761,797.5684466799391,15795.798828519479
2016-12-23,-37.7,1,782.05,917.17,0.1727766766830765,1.0,0.1727766766830765,935.3696723245826,18524.944455665507
2016-12-30,-14.57,1,917.17,959.04,0.04565129692423442,1.0,0.04565129692423442,978.0705109697959,19370.632195516042
2017-01-06,-27.97,1,959.04,886.16,-0.07599265932599264,1.0,-0.07599265932599264,903.7443318328686,17898.606342153085
2017-01-13,-16.4,1,886.16,824.83,-0.06920872077277229,1.0,-0.06920872077277229,841.197342721072,16659.86669359724
2017-01-20,-19.95,1,824.83,892.91,0.08253821999684785,1.0,0.08253821999684785,910.6282740553477,18034.942435871526
2017-01-27,-37.73,1,892.91,918.01,0.02811033586811673,1.0,0.02811033586811673,936.226340690047,18541.910725106027
2017-02-03,-33.65,1,918.01,1013.02,0.1034956046230433,1.0,0.1034956046230433,1033.1216518837828,20460.916986467368
2017-02-10,-14.63,1,1013.02,997.61,-0.015211940534244128,1.0,-0.015211940534244128,1017.4058667506866,20149.66673399312
2017-02-17,-18.62,1,997.61,1049.41,0.05192409859564373,1.0,0.05192409859564373,1070.2337492876356,21195.92001615834
2017-02-24,-3.33,1,1049.41,1176.49,0.12109661619386114,1.0,0.12109661619386114,1199.8354348628375,23762.674207230844
2017-03-03,-11.67,1,1176.49,1283.3,0.09078700201446677,1.0,0.09078700201446677,1308.7648969047584,25920.016158351827
2017-03-10,-24.78,1,1283.3,1112.39,-0.13318008259954794,1.0,-0.13318008259954794,1134.4634798315938,22467.986265400912
2017-03-17,-23.08,1,1112.39,1071.71,-0.03656990803585081,1.0,-0.03656990803585081,1092.9762547041212,21646.33407392444
2017-03-24,-19.23,1,1071.71,939.7,-0.1231769788468895,1.0,-0.1231769788468895,958.3467416982792,18980.004039587948
2017-03-31,-16.73,1,939.7,1079.11,0.14835585825263364,1.0,0.14835585825263364,1100.5230950665423,21795.79882851947
2017-04-07,-13.05,1,1079.11,1190.49,0.10321468617657148,1.0,0.10321468617657148,1214.1132409539046,24045.44536457279
2017-04-14,-45.83,0,1190.49,1177.33,-0.011054271770447488,1.0,-0.011054271770447488,1200.6921032283012,23779.640476671357
2017-04-21,-30.0,0,1177.33,1249.64,0.061418633688091084,0.0,0.0,1200.6921032283012,25240.15350434254
2017-04-28,-30.0,0,1249.64,1329.62,0.06400243270061767,0.0,0.0,1200.6921032283012,26855.58473035748
2017-05-05,-13.33,0,1329.62,1507.77,0.13398565003534846,0.0,0.0,1200.6921032283012,30453.847707533805
2017-05-12,-3.33,0,1507.77,1686.39,0.11846634433633785,0.0,0.0,1200.6921032283012,34061.6037164209
2017-05-19,-13.33,0,1686.39,1962.0,0.16343194634693026,0.0,0.0,1200.6921032283012,39628.357907493395
2017-05-26,-6.5,0,1962.0,2244.89,0.14418450560652385,0.0,0.0,1200.6921032283012,45342.15310038371
2017-06-02,-13.12,0,2244.89,2492.6,0.11034393667395737,0.0,0.0,1200.6921032283012,50345.38477075333
2017-06-09,-13.33,0,2492.6,2811.43,0.12791061542164806,0.0,0.0,1200.6921032283012,56785.093920420055
2017-06-16,-10.02,0,2811.43,2508.58,-0.10772098184909451,0.0,-0.0,1200.6921032283012,50668.14784891936
2017-06-23,-30.0,0,2508.58,2710.37,0.08043993015969186,0.0,0.0,1200.6921032283012,54743.89012320738
2017-06-30,-34.5,0,2710.37,2480.61,-0.08477071396156233,0.0,-0.0,1200.6921032283012,50103.211472429764
2017-07-07,-33.45,0,2480.61,2513.88,0.013412023655471783,0.0,0.0,1200.6921032283012,50775.196929913094
2017-07-14,-21.58,0,2513.88,2234.17,-0.11126624978121469,0.0,-0.0,1200.6921032283012,45125.63118561902
2017-07-21,-38.12,0,2234.17,2675.08,0.19734845602617512,0.0,0.0,1200.6921032283012,54031.10482730756
2017-07-28,-63.33,0,2675.08,2806.75,0.049220957877895266,0.0,0.0,1200.6921032283012,56690.567562108605
2017-08-04,-30.0,0,2806.75,2878.49,0.025559811169502122,0.0,0.0,1200.6921032283012,58139.567764088
2017-08-11,-3.33,0,2878.49,3654.37,0.26954410124752926,0.0,0.0,1200.6921032283012,73810.74530397893
2017-08-18,-13.33,0,3654.37,4105.37,0.12341388529349784,0.0,0.0,1200.6921032283012,82920.01615835176
2017-08-25,-20.0,0,4105.37,4364.41,0.06309784501762317,0.0,0.0,1200.6921032283012,88152.09048677025
2017-09-01,-30.0,0,4364.41,4921.85,0.1277240222618865,0.0,0.0,1200.6921032283012,99411.23005453433
2017-09-08,-34.97,0,4921.85,4326.45,-0.12097077318487981,0.0,-0.0,1200.6921032283012,87385.37669157734
2017-09-15,-46.47,0,4326.45,3713.76,-0.14161494990118906,0.0,-0.0,1200.6921032283012,75010.30094930308
2017-09-22,-45.2,0,3713.76,3600.83,-0.03040853474645655,0.0,-0.0,1200.6921032283012,72729.34760654403
2017-09-29,-59.92,0,3600.83,4172.79,0.15884115606679572,0.0,0.0,1200.6921032283012,84281.76126035133
2017-10-06,-28.8,0,4172.79,4371.94,0.04772586207309737,0.0,0.0,1200.6921032283012,88304.18097354057
2017-10-13,-30.0,0,4371.94,5637.26,0.28941842751730373,0.0,0.0,1200.6921032283012,113861.0381741061
2017-10-20,-46.67,0,5637.26,5993.11,0.06312463856554418,0.0,0.0,1200.6921032283012,121048.47505554417
2017-10-27,-63.33,0,5993.11,5764.56,-0.038135458885286466,0.0,-0.0,1200.6921032283012,116432.23591193685
2017-11-03,-38.33,0,5764.56,7152.12,0.239813619773235,0.0,0.0,1200.6921032283012,144354.27186426966
2017-11-10,-34.68,0,7146.98,6565.8,-0.0813182630985394,0.0,-0.0,1200.6921032283012,132615.6332054129
2017-11-17,-55.0,0,6565.8,7699.95,0.17273599561363429,0.0,0.0,1200.6921032283012,155523.12664108243
2017-11-24,-46.67,0,7699.95,8200.8,0.06539003500022744,0.0,0.0,1200.6921032283012,165692.7893354876
2017-12-01,-30.0,0,8203.45,10861.47,0.32401245817308544,0.0,0.0,1200.6921032283012,219379.31730963415
2017-12-08,-28.33,0,10861.47,16047.61,0.47753296745284035,0.0,0.0,1200.6921032283012,324140.173702282
2017-12-15,-20.0,0,16048.18,17604.85,0.09632868026156238,0.0,0.0,1200.6921032283012,355364.1688547764
2017-12-22,-59.87,0,17594.08,13664.97,-0.22332000309194922,0.0,-0.0,1200.6921032283012,276004.2415673598
2017-12-29,-53.57,0,13664.97,14392.57,0.05321416731979656,0.0,0.0,1200.6921032283012,290691.57745909883
2018-01-05,-77.4,0,14392.14,16954.78,0.17805691161981474,0.0,0.0,1200.6921032283012,342451.22197535814
2018-01-12,-43.7,0,16954.76,13841.19,-0.18363987458389253,0.0,-0.0,1200.6921032283012,279563.5225207026
2018-01-19,-53.88,0,13841.19,11521.76,-0.16757012944696237,0.0,-0.0,1200.6921032283012,232717.0268632597
2018-01-26,-52.72,0,11521.82,11104.2,-0.036233858886877246,0.0,-0.0,1200.6921032283012,224284.79095132274
2018-02-02,-46.47,0,11104.34,8870.82,-0.20095476183186023,0.0,-0.0,1200.6921032283012,179213.69420319112
2018-02-09,-19.32,0,8872.87,8696.83,-0.01984025461885508,0.0,-0.0,1200.6921032283012,175658.04887901418
2018-02-16,-33.48,0,8696.83,10188.73,0.17154526419396499,0.0,0.0,1200.6921032283012,205791.3552817611
2018-02-23,-50.12,0,10188.73,10175.51,-0.001297512054986183,0.0,-0.0,1200.6921032283012,205524.33851747107
2018-03-02,-35.88,0,10175.51,11043.12,0.0852645223679207,0.0,0.0,1200.6921032283012,223048.27307614608
2018-03-09,-30.87,0,11043.12,9252.76,-0.16212447206948766,0.0,-0.0,1200.6921032283012,186886.68955766497
2018-03-16,-28.17,0,9252.76,8283.23,-0.10478278913535,0.0,-0.0,1200.6921032283012,167304.18097354055
2018-03-23,-21.65,0,8283.23,8934.8,0.07874705881642807,0.0,0.0,1200.6921032283012,180478.8931528983
2018-03-30,17.5,0,8935.51,6853.76,-0.23297606963676387,0.0,-0.0,1200.6921032283012,138431.6299737426
2018-04-06,18.12,0,6853.75,6634.86,-0.03193726062374613,0.0,-0.0,1200.6921032283012,134010.50292870117
2018-04-13,14.58,0,6634.86,7899.11,0.19049083175831893,0.0,0.0,1200.6921032283012,159538.2750959401
2018-04-20,13.52,0,7898.74,8877.08,0.12386912342981282,0.0,0.0,1200.6921032283012,179300.14138557855
2018-04-27,-13.32,0,8877.15,8938.47,0.006907622378804046,0.0,0.0,1200.6921032283012,180538.6790547363
2018-05-04,-23.78,0,8938.47,9699.61,0.08523830140952549,0.0,0.0,1200.6921032283012,195927.4893960815
2018-05-11,6.45,0,9700.37,8421.0,-0.13190733961694256,0.0,-0.0,1200.6921032283012,170083.21551201766
2018-05-18,-3.07,0,8420.82,8247.91,-0.02053362974152162,0.0,-0.0,1200.6921032283012,166590.78973944645
2018-05-25,32.43,0,8247.91,7475.36,-0.09366615300118453,0.0,-0.0,1200.6921032283012,150986.8713391233
2018-06-01,15.62,0,7475.36,7530.55,0.007382922026497818,0.0,0.0,1200.6921032283012,152101.5956372449
2018-06-08,25.33,0,7530.55,7627.52,0.012882193199699854,0.0,0.0,1200.6921032283012,154060.9977782265
2018-06-15,18.78,0,7627.56,6396.71,-0.16136877323809973,0.0,-0.0,1200.6921032283012,129200.3635629165
2018-06-22,3.08,0,6396.71,6051.47,-0.0539714947215052,0.0,-0.0,1200.6921032283012,122227.22682286399
2018-06-29,2.65,0,6051.47,6203.8,0.025174048619591716,0.0,0.0,1200.6921032283012,125304.18097354063
2018-07-06,44.87,0,6203.81,6602.02,0.06418958672170794,0.0,0.0,1200.6921032283012,133347.4045647343
2018-07-13,35.92,0,6602.03,6229.83,-0.056409922402654966,0.0,-0.0,1200.6921032283012,125825.28782064219
2018-07-20,16.17,0,6229.61,7333.93,0.17726952409540897,0.0,0.0,1200.6921032283012,148130.27671177528
2018-07-27,-11.22,0,7333.93,8182.89,0.11575649072189131,0.0,0.0,1200.6921032283012,165277.3177135931
2018-08-03,-9.07,0,8182.88,7417.6,-0.09352208513384042,0.0,-0.0,1200.6921032283012,149820.23833568965
2018-08-10,21.13,0,7417.6,6153.41,-0.1704931514236412,0.0,-0.0,1200.6921032283012,124276.9137547969
2018-08-17,-23.43,0,6152.95,6591.16,0.07122274681250462,0.0,0.0,1200.6921032283012,133128.25691779426
2018-08-24,17.92,0,6591.18,6708.96,0.017866300116215816,0.0,0.0,1200.6921032283012,135506.76630983627
2018-08-31,33.68,0,6708.94,7026.96,0.04740242124687355,0.0,0.0,1200.6921032283012,141930.1151282568
2018-09-07,35.4,0,7026.96,6411.78,-0.08735498707833833,0.0,-0.0,1200.6921032283012,129531.81175520085
2018-09-14,20.2,0,6413.12,6486.01,0.011269085873958362,0.0,0.0,1200.6921032283012,130991.51686527961
2018-09-21,-15.57,0,6485.39,6762.06,0.04266204499652293,0.0,0.0,1200.6921032283012,136579.88285194896
2018-09-28,1.45,0,6762.07,6635.38,-0.01873242956668597,0.0,-0.0,1200.6921032283012,134021.4098161986
2018-10-05,18.12,0,6635.4,6632.87,-0.0003797811737046297,0.0,-0.0,1200.6921032283012,133970.51100787707
2018-10-12,29.18,0,6632.88,6250.85,-0.05740794345744227,0.0,-0.0,1200.6921032283012,126279.53948697221
2018-10-19,18.58,0,6252.1,6469.28,0.03473712832488274,0.0,0.0,1200.6921032283012,130666.12805493826
2018-10-26,-6.38,0,6469.28,6457.21,-0.0018657408552419374,0.0,-0.0,1200.6921032283012,130422.3389214299
2018-11-02,-14.55,0,6457.21,6394.66,-0.009688394833062608,0.0,-0.0,1200.6921032283012,129158.75580690757
2018-11-09,28.83,0,6394.65,6377.99,-0.002605302870368198,0.0,-0.0,1200.6921032283012,128822.25812967065
2018-11-16,26.65,0,6377.99,5586.27,-0.12402339922138472,0.0,-0.0,1200.6921032283012,112845.28378105423
2018-11-23,23.63,0,5586.97,4343.42,-0.22258039688775855,0.0,-0.0,1200.6921032283012,87728.13573015544
2018-11-30,27.47,0,4343.42,4009.67,-0.07684037003098942,0.0,-0.0,1200.6921032283012,80987.07331852143
2018-12-07,50.57,0,4009.67,3420.57,-0.14691982133193005,0.0,-0.0,1200.6921032283012,69088.46697636835
2018-12-14,52.67,0,3420.57,3235.48,-0.05411086456350844,0.0,-0.0,1200.6921032283012,65350.03029690965
2018-12-21,29.27,0,3235.48,3898.81,0.20501749354037102,0.0,0.0,1200.6921032283012,78747.92971116937
2018-12-28,29.0,0,3898.81,3947.86,0.01258076182219714,0.0,0.0,1200.6921032283012,79738.63865885671
2019-01-04,46.65,0,3947.86,3874.06,-0.018693672014711837,0.0,-0.0,1200.6921032283012,78248.03070086842
2019-01-11,58.97,0,3874.06,3669.2,-0.05287992442037559,0.0,-0.0,1200.6921032283012,74110.28075136327
2019-01-18,49.38,0,3669.2,3648.05,-0.005764199280496984,0.0,-0.0,1200.6921032283012,73683.09432437884
2019-01-25,33.57,0,3648.05,3582.89,-0.01786159729170389,0.0,-0.0,1200.6921032283012,72366.99656635015
2019-02-01,34.97,0,3582.89,3461.63,-0.03384418723432758,0.0,-0.0,1200.6921032283012,69917.79438497266
2019-02-08,59.82,0,3461.63,3660.03,0.05731403991761108,0.0,0.0,1200.6921032283012,73925.0656433043
2019-02-15,67.33,1,3660.03,3593.49,-0.0181801788509931,0.0,-0.0,1200.6921032283012,72581.09472833763
2019-02-22,30.33,1,3593.49,3983.53,0.10854072225051414,1.0,0.10854072225051414,1331.01609131319,80459.09917188439
2019-03-01,40.38,1,3983.53,3831.48,-0.038169663589831204,1.0,-0.038169663589831204,1280.2116548751135,77388.0024237527
2019-03-08,58.55,1,3831.48,3868.02,0.0095367847411445,1.0,0.0095367847411445,1292.420757850762,78126.03514441519
2019-03-15,31.52,1,3868.02,3927.08,0.015268793853185914,1.0,0.015268793853185914,1312.1544639739634,79318.92546960202
2019-03-22,31.0,1,3927.08,4000.84,0.01878240321052793,1.0,0.01878240321052793,1336.7998781908166,80808.7255099979
2019-03-29,46.82,1,4000.84,4111.38,0.02762919786844753,1.0,0.02762919786844753,1373.7345865358673,83041.40577661069
2019-04-05,21.43,1,4111.38,5047.23,0.22762430132948053,1.0,0.22762430132948053,1686.4299620082368,101943.64774792959
2019-04-12,48.1,1,5047.23,5081.5,0.006789862954531545,1.0,0.006789862954531545,1697.8805903326886,102635.83114522307
2019-04-19,19.75,1,5081.5,5295.53,0.042119452917445566,1.0,0.042119452917445566,1769.3943919166509,106958.79620278718
2019-04-26,12.35,1,5295.53,5234.09,-0.011602238114031937,1.0,-0.011602238114031937,1748.865456864001,105717.83478085224
2019-05-03,-0.45,1,5234.09,5753.38,0.09921304371915651,1.0,0.09921304371915651,1922.375721894772,116206.4229448595
2019-05-10,36.62,1,5753.38,6358.29,0.10513993513378228,1.0,0.10513993513378228,2124.494180597546,128424.3587154109
2019-05-17,16.05,1,6358.29,7371.96,0.1594249397243599,1.0,0.1594249397243599,2463.191537284063,148898.40436275487
2019-05-24,24.32,1,7371.96,7996.4,0.08470474609194834,1.0,0.08470474609194834,2671.8355510255456,161510.80589779827
2019-05-31,22.77,1,7996.4,8550.67,0.06931494172377572,1.0,0.06931494172377572,2857.0336765403936,172705.9179963642
2019-06-07,24.3,1,8550.67,8002.63,-0.06409322310415444,1.0,-0.06409322310415444,2673.9171796938076,161636.63906281543
2019-06-14,5.7,1,8002.63,8693.96,0.08638784999431426,1.0,0.08638784999431426,2904.9111359104163,175600.08079175904
2019-06-21,-8.57,1,8693.96,10218.87,0.17539878260309472,1.0,0.17539878260309472,3414.429012719276,206400.12118763867
2019-06-28,-31.22,1,10218.87,12355.06,0.20904366138330355,1.0,0.20904366138330355,4128.193755071492,249546.75823066023
2019-07-05,-10.73,1,12355.06,10993.25,-0.11022285606059379,1.0,-0.11022285606059379,3673.172449016005,222041.00181781437
2019-07-12,-11.32,1,10993.25,11797.37,0.07314670365906362,1.0,0.07314670365906362,3941.8529056328157,238282.56917794363
2019-07-19,-9.45,1,11797.37,10532.94,-0.1071789729405791,1.0,-0.1071789729405791,3519.369159724253,212743.68814380915
2019-07-26,0.8,1,10532.94,9847.45,-0.0650805947817038,1.0,-0.0650805947817038,3290.3265215530137,198898.20238335675
2019-08-02,7.23,1,9847.45,10528.99,0.06920979542927341,1.0,0.06920979542927341,3518.0493470052106,212663.9062815591
2019-08-09,-3.17,1,10528.99,11865.21,0.12690865885521774,1.0,0.12690865885521774,3964.5202714201164,239652.79741466348
2019-08-16,7.7,1,11865.21,10360.43,-0.12682287123447444,1.0,-0.12682287123447444,3461.728427531339,209259.341547162
2019-08-23,7.57,1,10360.43,10410.49,0.0048318457824625405,1.0,0.0048318457824625405,3478.454965433937,210270.45041405756
2019-08-30,-6.8,1,10410.49,9587.25,-0.07907793004940211,1.0,-0.07907793004940211,3203.3859469973568,193642.69844475845
2019-09-06,7.83,1,9587.25,10309.91,0.07537719366867446,1.0,0.07537719366867446,3444.848189919687,208238.94162795373
2019-09-13,-25.67,1,10309.91,10372.29,0.00605048928652141,1.0,0.00605048928652141,3465.6912069864884,209498.88911331023
2019-09-20,-8.45,1,10372.29,10176.38,-0.018887825157221982,1.0,-0.018887825157221982,3400.231837420006,205541.9107251058
2019-09-27,-12.9,1,10176.38,8201.36,-0.19407883746479582,1.0,-0.19407883746479582,2740.3187953027445,165650.5756412844
2019-10-04,22.95,1,8201.36,8168.05,-0.004061521503750609,1.0,-0.004061521503750609,2729.1889315884905,164977.78226620867
2019-10-11,14.02,1,8168.05,8278.05,0.013467106592148559,1.0,0.013467106592148559,2765.943209840305,167199.55564532397
2019-10-18,24.2,1,8278.05,7972.62,-0.0368963705220432,1.0,-0.0368963705220432,2663.8899443271075,161030.4988891131
2019-10-25,-7.2,1,7972.62,8671.1,0.08760984469346345,1.0,0.08760984469346345,2897.2729286300846,175138.35588769923
2019-11-01,14.27,1,8671.1,9260.59,0.06798330084994975,1.0,0.06798330084994975,3094.2391057815585,187044.83942637825
2019-11-08,11.23,1,9260.59,8772.31,-0.05272666212411958,1.0,-0.05272666212411958,2931.0902059197765,177182.5893758834
2019-11-15,-3.65,1,8772.31,8468.57,-0.03462485935859538,1.0,-0.03462485935859538,2829.601619772448,171047.66713795168
2019-11-22,24.77,1,8468.57,7292.2,-0.138910111152178,1.0,-0.138910111152178,2436.541344253474,147287.41668349807
2019-11-29,38.92,1,7292.2,7769.38,0.06543704231919034,1.0,0.06543704231919034,2595.9814033098455,156925.46960210035
2019-12-06,24.63,1,7769.38,7558.58,-0.027132152115098007,1.0,-0.027132152115098007,2525.5468409872774,152667.74389012298
2019-12-13,44.47,1,7558.58,7261.72,-0.03927457273720725,1.0,-0.03927457273720725,2426.3570678796987,146671.783478085
2019-12-20,37.02,1,7261.72,7203.41,-0.008029778069107651,1.0,-0.008029778069107651,2406.873959108214,145494.0416077558
2019-12-27,18.52,1,7203.41,7253.82,0.006998074523038467,1.0,0.006998074523038467,2423.717442441614,146512.2197535849
2020-01-03,43.05,1,7253.82,7339.7,0.011839279166011796,1.0,0.011839279166011796,2452.412509862212,148246.81882447968
2020-01-10,27.17,1,7339.7,8190.31,0.11589165769718113,1.0,0.11589165769718113,2736.6266609874483,165427.3884063823
2020-01-17,22.77,1,8190.31,8894.83,0.08601872212407091,1.0,0.08601872212407091,2972.0277892962517,179657.24096142163
2020-01-24,9.13,1,8894.83,8431.78,-0.052058330513343076,1.0,-0.052058330513343076,2817.308984346227,170304.5849323366
2020-01-31,1.27,1,8431.78,9342.23,0.10797838653285541,1.0,0.10797838653285541,3121.51746284045,188693.79923247796
2020-02-07,24.22,1,9342.23,9808.36,0.04989493943094958,1.0,0.04989493943094958,3277.265387581526,198108.6649161782
2020-02-14,9.8,1,9808.36,10360.37,0.05627954112614142,1.0,0.05627954112614142,3461.7083797432,209258.12967077323
2020-02-21,-0.37,1,10360.37,9697.86,-0.0639465578932027,1.0,-0.0639465578932027,3240.3440444285666,195876.7925671578
2020-02-28,8.83,1,9697.86,8719.29,-0.10090576683928199,1.0,-0.10090576683928199,2913.374643802402,176111.69460714978
2020-03-06,48.67,1,8719.29,9160.39,0.05058898144229618,1.0,0.05058898144229618,3060.7592995921777,185021.00585740223
2020-03-13,62.57,1,9160.39,5632.58,-0.38511569922241295,1.0,-0.38511569922241295,1882.0128417782332,113766.5118157946
2020-03-20,58.6,1,5632.58,6206.44,0.1018822635453025,1.0,0.1018822635453025,2073.756570119927,125357.30155524115
2020-03-27,57.25,1,6206.44,6382.8,0.02841564568416044,1.0,0.02841564568416044,2132.6837020516546,128919.41022015734
2020-04-03,54.32,1,6382.8,6743.68,0.05653944977126035,1.0,0.05653944977126035,2253.2644651017895,136208.44273884044
2020-04-10,43.37,1,6743.68,6876.49,0.019693994970105377,1.0,0.019693994970105377,2297.6402441438213,138890.93112502506
2020-04-17,52.22,1,6876.49,7037.12,0.02335930103875672,1.0,0.02335930103875672,2351.3115142855395,142135.32619672775
2020-04-24,31.7,1,7037.12,7509.44,0.06711836660452009,1.0,0.06711836660452009,2509.1277025027857,151675.21712785278
2020-05-01,27.32,1,7509.44,8829.12,0.1757361401116464,1.0,0.1757361401116464,2950.0721199878285,178330.0343364975
2020-05-08,-13.98,1,8829.12,9808.18,0.11088987350947765,1.0,0.11088987350947765,3277.2052442171153,198105.02928701253
2020-05-15,17.32,1,9808.18,9311.69,-0.05061999269997086,1.0,-0.05061999269997086,3111.3131386785385,188076.95415067644
2020-05-22,10.58,1,9311.69,9170.74,-0.015136887074204686,1.0,-0.015136887074204686,3064.217543045872,185230.05453443728
2020-05-29,-9.52,1,9170.74,9424.62,0.027683698371123944,1.0,0.027683698371123944,3149.0464172510606,190357.9074934355
2020-06-05,-10.77,1,9424.62,9622.02,0.02094514155477878,1.0,0.02094514155477878,3215.003640222953,194344.98081195698
2020-06-12,-0.73,1,9622.02,9464.23,-0.016398843486087222,1.0,-0.016398843486087222,3162.2812987197362,191157.94788931508
2020-06-19,9.35,1,9464.23,9301.83,-0.017159346296529154,1.0,-0.017159346296529154,3108.0186188279663,187877.80246414844
2020-06-26,27.57,1,9301.83,9158.07,-0.015455023366369836,1.0,-0.015455023366369836,3059.9841184508678,184974.1466370428
2020-07-03,20.33,1,9158.07,9066.46,-0.010003199364058246,1.0,-0.010003199364058246,3029.374487263152,183123.81337103594
2020-07-10,27.2,1,9066.46,9288.57,0.024497984880537782,1.0,0.024497984880537782,3103.5880576496115,187609.977782266
2020-07-17,55.28,1,9288.57,9156.79,-0.014187329158309447,1.0,-0.014187329158309447,3059.5564323039384,184948.29327408588
2020-07-24,-7.57,1,9156.79,9550.23,0.04296702228619398,1.0,0.04296702228619398,3191.0164617166097,192894.97071298707
2020-07-31,-5.02,1,9550.23,11352.72,0.18873786285775318,1.0,0.18873786285775318,3793.282089044912,229301.55524136513
2020-08-07,3.47,1,11352.72,11603.82,0.02211804748113222,1.0,0.02211804748113222,3877.182082399736,234373.2579276911
2020-08-14,-14.03,1,11603.82,11774.52,0.014710672864625574,1.0,0.014710672864625574,3934.2180396505064,237821.04625328188
2020-08-21,13.45,1,11774.52,11527.35,-0.02099193852488257,1.0,-0.02099193852488257,3851.631176418679,232828.72147040974
2020-08-28,-4.45,1,11527.35,11535.21,0.00068185662793252,1.0,0.00068185662793252,3854.2574366646713,232987.4772773174
2020-09-04,4.38,1,11535.21,10467.33,-0.09257568782883008,1.0,-0.09257568782883008,3497.446903396056,211418.50131286582
2020-09-11,5.32,1,10467.33,10398.5,-0.006575697909591116,1.0,-0.006575697909591116,3474.4487491044883,210028.27711573392
2020-09-18,28.17,1,10398.5,10937.89,0.05187190460162516,1.0,0.05187190460162516,3654.6750231612723,220922.84386992495
2020-09-25,-4.53,1,10937.89,10694.12,-0.022286748175379234,1.0,-0.022286748175379234,3573.2242012572287,215999.1920824073
2020-10-02,5.08,1,10694.12,10576.64,-0.01098547613080847,1.0,-0.01098547613080847,3533.97063208429,213626.33811351212
2020-10-09,1.78,1,10576.64,11058.78,0.04558536548469094,1.0,0.04558536548469094,3695.0679749600167,223364.57281357274
2020-10-16,10.15,1,11058.78,11326.25,0.024186212222324643,1.0,0.024186212222324643,3784.437673178315,228766.91577459069
2020-10-23,-11.62,1,11326.25,12937.2,0.14223154177243136,1.0,0.14223154177243136,4322.70407817614,261304.78691173467
2020-10-30,-15.82,1,12937.2,13565.95,0.04860016077667506,1.0,0.04860016077667506,4532.788191365489,274004.2415673598
2020-11-06,-13.58,1,13565.95,15590.62,0.1492464589652771,1.0,0.1492464589652771,5209.290778166412,314898.4043627546
2020-11-13,-15.67,1,15590.62,16332.85,0.04760747167206936,1.0,0.04760747167206936,5457.291941319541,329889.9212280343
2020-11-20,-20.0,1,16332.85,18672.78,0.14326525989034367,1.0,0.14326525989034367,6239.132289590164,377151.6865279736
2020-11-27,-27.97,1,18672.78,17155.0,-0.08128302266721932,1.0,-0.08128302266721932,5731.996758271626,346495.65744294034
2020-12-04,-30.0,1,17155.0,18665.0,0.08802098513552892,1.0,0.08802098513552892,6236.532759728353,376994.5465562507
2020-12-11,-30.0,1,18665.0,18034.86,-0.03376051433163674,1.0,-0.03376051433163674,6025.984206113822,364267.0167642895
2020-12-18,-20.0,1,18034.86,23135.57,0.2828250399504071,1.0,0.2828250399504071,7730.283429948487,467290.8503332653
2020-12-25,-46.67,0,23135.57,24707.98,0.0679650425729732,1.0,0.0679650425729732,8255.672472366085,499050.29287012655
2021-01-01,-46.67,0,24707.98,29388.94,0.18945134325023738,0.0,0.0,8255.672472366085,593596.0412037964
2021-01-08,-46.67,0,29388.94,40636.24,0.3827051945391702,0.0,0.0,8255.672472366085,820768.3296303765
2021-01-15,-18.7,0,40636.24,36790.17,-0.09464630585900669,0.0,-0.0,8255.672472366085,743085.639264794
2021-01-22,-30.37,0,36790.17,33008.02,-0.10280327598377503,0.0,-0.0,8255.672472366085,666694.0012118755
2021-01-29,-42.02,0,33008.02,34252.08,0.037689628157036026,0.0,0.0,8255.672472366085,691821.4502120776
2021-02-05,-46.67,0,34252.08,38310.24,0.11847922812278844,0.0,0.0,8255.672472366085,773787.9216319927
2021-02-12,-36.67,0,38310.24,47435.54,0.23819480118109415,0.0,0.0,8255.672472366085,958100.1817814573
2021-02-19,-53.33,0,47435.54,55933.47,0.17914690124746135,0.0,0.0,8255.672472366085,1129740.8604322348
2021-02-26,-47.43,0,55933.47,46324.5,-0.1717928460365502,0.0,-0.0,8255.672472366085,935659.4627348002
2021-03-05,-49.77,0,46324.5,48775.37,0.052906561322842105,0.0,0.0,8255.672472366085,985161.9874772764
2021-03-12,-53.33,0,48775.37,57256.22,0.17387566716562075,0.0,0.0,8255.672472366085,1156457.6853160968
2021-03-19,-53.33,0,57256.22,58060.21,0.014041967842096437,0.0,0.0,8255.672472366085,1172696.6269440507
2021-03-26,-36.2,0,58060.21,55055.43,-0.051752826936037555,0.0,-0.0,8255.672472366085,1112006.2613613403
2021-04-02,-46.67,0,55055.43,58987.8,0.07142565229260778,0.0,0.0,8255.672472366085,1191432.033932538
2021-04-09,-53.33,0,58987.8,58106.85,-0.01493444407148603,0.0,-0.0,8255.672472366085,1173638.6588567956
2021-04-16,-45.0,0,58106.85,61416.41,0.056956451778060746,0.0,0.0,8255.672472366085,1240484.9525348407
2021-04-23,-40.5,0,61416.41,51178.03,-0.16670430590130558,0.0,-0.0,8255.672472366085,1033690.7695415061
2021-04-30,-46.13,0,51178.03,57757.97,0.12856962255092674,0.0,0.0,8255.672472366085,1166592.0016158344
2021-05-07,-19.15,0,57757.97,57374.33,-0.006642200201980808,0.0,-0.0,8255.672472366085,1158843.2639870725
2021-05-14,-12.73,0,57374.33,49887.96,-0.13048291805760526,0.0,-0.0,8255.672472366085,1007634.0133306395
2021-05-21,-10.33,0,49887.96,37350.39,-0.25131454563385636,0.0,-0.0,8255.672472366085,754400.9291052306
2021-05-28,-18.9,0,37350.39,35680.92,-0.04469752524672432,0.0,-0.0,8255.672472366085,720681.0745303973
2021-06-04,-1.57,0,35680.92,36861.5,0.033087151340268184,0.0,0.0,8255.672472366085,744526.3583114516
2021-06-11,14.68,0,36861.5,37339.98,0.012980480989650545,0.0,0.0,8255.672472366085,754190.6685518072
2021-06-18,15.98,0,37339.98,35830.29,-0.04043092685105887,0.0,-0.0,8255.672472366085,723698.0407998379
2021-06-25,-7.07,0,35830.29,31593.86,-0.11823599529894957,0.0,-0.0,8255.672472366085,638130.8826499693
2021-07-02,7.72,0,31593.86,33804.54,0.06997182363915022,0.0,0.0,8255.672472366085,682782.0642294482
2021-07-09,7.72,0,33804.54,33804.2,-1.005782063601135e-05,0.0,-0.0,8255.672472366085,682775.1969299127
2021-07-16,19.77,0,33804.2,31401.76,-0.07106927541548091,0.0,-0.0,8255.672472366085,634250.8584124414
2021-07-23,17.85,0,31401.76,33637.92,0.07121129516307367,0.0,0.0,8255.672472366085,679416.6834982827
2021-07-30,10.5,0,33637.92,42231.83,0.25548280036339954,0.0,0.0,8255.672472366085,852995.9604120374
2021-08-06,9.97,0,42231.83,42852.18,0.014689157443567913,0.0,0.0,8255.672472366085,865525.7523732573
2021-08-13,5.7,0,42852.18,47832.93,0.11623095954511542,0.0,0.0,8255.672472366085,966126.641082609
2021-08-20,4.4,0,47832.93,49336.45,0.031432738910202485,0.0,0.0,8255.672472366085,996494.6475459496
2021-08-27,-13.72,0,49336.45,49088.1,-0.005033803607677467,0.0,-0.0,8255.672472366085,991478.4891941014
2021-09-03,-12.85,0,49088.1,50019.51,0.01897425241555495,0.0,0.0,8255.672472366085,1010291.0523126634
2021-09-10,-10.08,0,50019.51,44853.1,-0.10328789706256625,0.0,-0.0,8255.672472366085,905940.2140981613
2021-09-17,6.15,0,44853.1,47297.98,0.05450860698591642,0.0,0.0,8255.672472366085,955321.753181175
2021-09-24,-0.03,0,47297.98,42848.41,-0.09407526494788998,0.0,-0.0,8255.672472366085,865449.6061401732
2021-10-01,5.42,0,42848.41,48164.35,0.12406388008329827,0.0,0.0,8255.672472366085,972820.6422944854
2021-10-08,-32.88,0,48164.35,53949.29,0.12010833739062199,0.0,0.0,8255.672472366085,1089664.5122197529
2021-10-15,-20.0,0,53949.29,61684.96,0.14338779991358552,0.0,0.0,8255.672472366085,1245909.1092708537
2021-10-22,-20.0,0,61684.96,60693.59,-0.01607150268071833,0.0,-0.0,8255.672472366085,1225885.4776812757
2021-10-29,-46.67,0,60693.59,62282.5,0.026179206074315342,0.0,0.0,8255.672472366085,1257978.1862250043
2021-11-05,-30.0,0,62282.5,61019.66,-0.020276000481676215,0.0,-0.0,8255.672472366085,1232471.4199151678
2021-11-12,-3.33,0,61019.66,64156.3,0.05140376068958763,0.0,0.0,8255.672472366085,1295825.0858412434
2021-11-19,-0.15,0,64156.3,58136.22,-0.09383458834128533,0.0,-0.0,8255.672472366085,1174231.8723490196
2021-11-26,3.35,0,58136.22,53788.22,-0.07478986421889833,0.0,-0.0,8255.672472366085,1086411.2300545338
2021-12-03,-6.55,0,53788.22,53663.25,-0.002323371176811584,0.0,-0.0,8255.672472366085,1083887.0935164606
2021-12-10,0.33,0,53663.25,47191.14,-0.12060600131374821,0.0,-0.0,8255.672472366085,953163.8052918597
2021-12-17,9.48,0,47191.14,46164.14,-0.021762559666920533,0.0,-0.0,8255.672472366085,932420.5211068465
2021-12-24,5.72,0,46164.14,50840.36,0.10129550772526041,0.0,0.0,8255.672472366085,1026870.5312058164
2021-12-31,-25.53,0,50840.36,46197.31,-0.09132606456759951,0.0,-0.0,8255.672472366085,933090.4867703489
2022-01-07,-30.13,0,46197.31,41543.79,-0.10073140622257004,0.0,-0.0,8255.672472366085,839098.9699050692
2022-01-14,-31.37,0,41543.79,43089.83,0.03721470766148194,0.0,0.0,8255.672472366085,870325.792769137
2022-01-21,4.07,0,43089.83,36469.3,-0.1536448391650651,0.0,-0.0,8255.672472366085,736604.7263179151
2022-01-28,-25.33,0,36469.3,37744.7,0.03497188045835786,0.0,0.0,8255.672472366085,762365.1787517667
2022-02-04,-30.17,0,37744.7,41590.34,0.10188556274125893,0.0,0.0,8255.672472366085,840039.1840032309
2022-02-11,-30.82,0,41590.34,42398.98,0.019442976421928826,0.0,0.0,8255.672472366085,856372.046051302
2022-02-18,-12.22,0,42398.98,39994.66,-0.05670702455577936,0.0,-0.0,8255.672472366085,807809.7354069878
2022-02-25,-10.23,0,39994.66,39239.77,-0.018874769781766054,0.0,-0.0,8255.672472366085,792562.5126237116
2022-03-04,7.12,0,39239.77,39154.4,-0.0021755988885764355,0.0,-0.0,8255.672472366085,790838.2145021202
2022-03-11,16.95,0,39154.4,38741.03,-0.010557434158102397,0.0,-0.0,8255.672472366085,782488.9921228028
2022-03-18,13.0,0,38741.03,41790.97,0.07872635291317764,0.0,0.0,8255.672472366085,844091.4966673392
2022-03-25,-15.7,0,41790.97,44331.36,0.06078801233855069,0.0,0.0,8255.672472366085,895402.1409816191
2022-04-01,-17.28,0,44331.36,46299.75,0.044401750814773155,0.0,0.0,8255.672472366085,935159.5637244993
2022-04-08,-14.05,0,46299.75,42273.38,-0.08696310455240042,0.0,-0.0,8255.672472366085,853835.1848111486
2022-04-15,0.28,0,42273.38,40563.69,-0.04044365508506764,0.0,-0.0,8255.672472366085,819302.9690971515
2022-04-22,-7.22,0,40563.69,39716.04,-0.020896767527806337,0.0,-0.0,8255.672472366085,802182.1854170868
2022-04-29,-4.12,0,39716.04,38594.22,-0.028246018485226565,0.0,-0.0,8255.672472366085,779523.7325792763
2022-05-06,19.02,0,38594.22,36009.89,-0.06696158129377927,0.0,-0.0,8255.672472366085,727325.5907897388
2022-05-13,18.43,0,36009.89,29244.83,-0.18786672216993716,0.0,-0.0,8255.672472366085,590685.3160977575
2022-05-20,45.5,0,29244.83,29166.15,-0.0026903900621066956,0.0,-0.0,8255.672472366085,589096.1421934958
2022-05-27,37.02,0,29166.15,28597.33,-0.01950274547720554,0.0,-0.0,8255.672472366085,577607.1500706923
2022-06-03,26.4,0,28597.33,29680.3,0.03786961929662658,0.0,0.0,8255.672472366085,599480.9129468788
2022-06-10,38.03,0,29680.3,29067.38,-0.020650734662385428,0.0,-0.0,8255.672472366085,587101.1916784482
2022-06-17,46.67,0,29067.38,20432.26,-0.2970725259724132,0.0,-0.0,8255.672472366085,412689.55766511767
2022-06-24,19.58,0,20432.26,21219.46,0.03852730926485859,0.0,0.0,8255.672472366085,428589.37588365935
2022-07-01,36.67,0,21219.46,19249.33,-0.09284543527497857,0.0,-0.0,8255.672472366085,388796.8087255096
2022-07-08,44.28,0,19249.33,21592.65,0.12173514610638403,0.0,0.0,8255.672472366085,436127.04504140536
2022-07-15,63.23,1,21592.65,20827.27,-0.03544632085455013,0.0,-0.0,8255.672472366085,420667.9458695209
2022-07-22,45.05,1,20827.27,22686.32,0.08926037834051215,1.0,0.08926037834051215,8992.576920704832,458216.9258735604
2022-07-29,49.38,1,22686.32,23769.15,0.04773052659047394,1.0,0.04773052659047394,9421.797352535417,480087.8610381736
2022-08-05,50.53,1,23769.15,23319.22,-0.018929158173514815,1.0,-0.018929158173514815,9243.45066017047,471000.2019793976
2022-08-12,48.2,1,23319.22,24412.17,0.04686906337347474,1.0,0.04686906337347474,9676.682534951588,493075.5402948894
2022-08-19,44.88,1,24412.17,20833.43,-0.14659655409576444,1.0,-0.14659655409576444,8258.114220249017,420792.3651787514
2022-08-26,53.33,1,20833.43,20247.99,-0.028100989611408167,1.0,-0.028100989611408167,8026.053038335977,408967.68329630344
2022-09-02,36.67,1,20247.99,19957.44,-0.014349572476082928,1.0,-0.014349572476082928,7910.88260856549,403099.1718844674
2022-09-09,52.78,1,19957.44,21369.73,0.07076508810749282,1.0,0.07076508810749282,8470.69691336866,431624.5202989291
2022-09-16,53.33,1,21369.73,19804.02,-0.07326765476213315,1.0,-0.07326765476213315,7850.068816325298,400000.4039587959
2022-09-23,36.67,1,19804.02,19291.13,-0.025898277218463717,1.0,-0.025898277218463717,7646.765557936088,389641.0826095735
2022-09-30,53.33,1,19291.13,19425.63,0.006972116200554268,1.0,0.006972116200554268,7700.079695964415,392357.7055140372
2022-10-07,53.33,1,19425.63,19532.81,0.005517452973211157,1.0,0.005517452973211157,7742.564523576877,394522.52070288797
2022-10-14,53.33,1,19532.81,19182.01,-0.01795952553677649,1.0,-0.01795952553677649,7603.511738295559,387437.083417491
2022-10-21,53.33,1,19182.01,19166.4,-0.00081378333136084,1.0,-0.00081378333136084,7597.3241271831275,387121.7935770548
2022-10-28,3.33,1,19166.4,20599.89,0.0747918231905833,1.0,0.0747918231905833,8165.541850024961,416075.3383154914
2022-11-04,19.63,1,20599.89,21150.6,0.026733637898066487,1.0,0.026733637898066487,8383.836489085035,427198.5457483333
2022-11-11,63.33,1,21150.6,17007.72,-0.19587529431789164,1.0,-0.19587529431789164,6741.650049272424,343520.9048677032
2022-11-18,53.33,1,17007.72,16677.95,-0.01938943021169215,1.0,-0.01938943021169215,6610.933296130406,336860.2302565135
2022-11-25,53.33,1,16677.95,16508.33,-0.010170314696950067,1.0,-0.010170314696950067,6543.698024068214,333434.2557059177
2022-12-02,36.67,1,16508.33,17094.49,0.03550692286863666,1.0,0.03550692286863666,6776.044605084455,345273.480105029
2022-12-09,63.33,1,17094.49,17126.85,0.0018930076299437104,1.0,0.0018930076299437104,6788.871709222719,345927.0854372851
2022-12-16,63.33,1,17126.85,16658.44,-0.027349454219544156,1.0,-0.027349454219544156,6603.199773208974,336466.1684508177
2022-12-23,36.67,1,16658.44,16780.97,0.00735543064056432,1.0,0.00735543064056432,6651.769151146603,338941.02201575413
2022-12-30,36.67,1,16780.97,16599.47,-0.010815822923227913,1.0,-0.010815822923227913,6579.824793881611,335275.0959402138
2023-01-06,45.0,1,16599.47,16946.16,0.020885606588644023,1.0,0.020885606588644023,6717.248425948828,342277.519692991
2023-01-13,63.33,1,16946.16,19932.05,0.17619861962828143,1.0,0.17619861962828143,7900.818326301258,402586.3461926879
2023-01-20,43.4,1,19932.05,22676.2,0.13767525166754058,1.0,0.13767525166754058,8988.5654777543,458012.52272268187
2023-01-27,34.75,1,22676.2,23077.75,0.017707993402774624,1.0,0.017707993402774624,9147.73493593478,466123.0054534433
2023-02-03,34.45,1,23077.75,23437.21,0.015576041858500034,1.0,0.015576041858500034,9290.220438207363,473383.3568975959
2023-02-10,45.92,1,23437.21,21634.86,-0.07690121819107298,1.0,-0.07690121819107298,8575.791169245613,436979.60008079134
2023-02-17,16.87,1,21634.86,24578.28,0.1360498750627459,1.0,0.1360498750627459,9742.526486385677,496430.6200767517
2023-02-24,34.65,1,24578.28,23189.78,-0.056478321509885965,1.0,-0.056478321509885965,9192.284943169007,468393.05190870486
2023-03-03,61.98,1,23190.14,22360.92,-0.035757438290583865,1.0,-0.035757438290583865,8863.592381564178,451644.5162593411
2023-03-10,55.0,1,22360.92,20206.71,-0.09633816497711178,1.0,-0.09633816497711178,8009.690156419178,408133.91234094085
2023-03-17,55.12,1,20206.71,27441.41,0.3580345340730877,1.0,0.3580345340730877,10877.435839642514,554259.947485356
2023-03-24,38.47,1,27441.41,27493.01,0.001880369849800001,1.0,0.001880369849800001,10897.889442038511,555302.1611795592
2023-03-31,53.22,1,27493.01,28474.62,0.03570398439457878,1.0,0.03570398439457878,11286.9875166109,575128.6608765901
2023-04-07,27.83,1,28474.62,27927.8,-0.01920376812754654,1.0,-0.01920376812754654,11070.234825483392,564084.0234296097
2023-04-14,39.28,1,27927.8,30491.71,0.09180493988069238,1.0,0.09180493988069238,12086.537068102043,615869.7232882241
2023-04-21,12.85,1,30491.71,27261.17,-0.10594814131447539,1.0,-0.10594814131447539,10805.990930808122,550619.4708139765
2023-04-28,0.27,1,27261.17,29339.99,0.07625571463000314,1.0,0.07625571463000314,11630.009491522229,592607.3520500904
2023-05-05,24.98,1,29339.99,29548.51,0.007107023553859282,1.0,0.007107023553859282,11712.664242910085,596819.0264593007
2023-05-12,49.13,1,29548.51,26807.09,-0.09277692851517716,1.0,-0.09277692851517716,10625.999229723344,541447.9903049885
2023-05-19,30.75,1,26807.09,26888.42,0.0030338988677993672,1.0,0.0030338988677993672,10658.237436755639,543090.688749747
2023-05-26,31.2,1,26888.42,26719.7,-0.006274820164219319,1.0,-0.006274820164219319,10591.358913572447,539682.8923449804
2023-06-02,30.2,1,26719.7,27251.14,0.019889444866521666,1.0,0.019889444866521666,10802.015162745489,550416.8854776808
2023-06-09,31.88,1,27251.14,26483.81,-0.028157721108181044,1.0,-0.028157721108181044,10497.855032386558,534918.4003231666
2023-06-16,32.13,1,26483.81,26330.59,-0.005785421357425546,1.0,-0.005785421357425546,10437.120517675032,531823.6719854571
2023-06-23,-1.58,1,26330.59,30705.39,0.16614895450500722,1.0,0.16614895450500722,12171.237179729498,620185.6190668547
2023-06-30,15.73,1,30705.39,30471.06,-0.007631559149712697,1.0,-0.007631559149712697,12078.35166326721,615452.6358311449
2023-07-07,-8.9,1,30471.06,30349.69,-0.003983123658973575,1.0,-0.003983123658973575,12030.242094995849,613001.2118763882
2023-07-14,-0.38,1,30349.69,30331.09,-0.0006128563421899935,1.0,-0.0006128563421899935,12022.869284829849,612625.5301959196
2023-07-21,0.62,1,30331.09,29911.46,-0.013834979224287669,1.0,-0.013834979224287669,11856.533138057901,604149.8687133908
2023-07-28,10.3,1,29911.46,29316.82,-0.019880005857286775,1.0,-0.019880005857286775,11620.825189826195,592139.3657846896
2023-08-04,27.6,1,29316.82,29078.51,-0.00812878067948708,1.0,-0.00812878067948708,11526.36205054344,587325.9947485352
2023-08-11,45.4,1,29078.51,29403.56,0.01117835817584889,1.0,0.01117835817584889,11655.207854008926,593891.3350838211
2023-08-18,15.68,1,29403.56,26049.69,-0.1140633991258202,1.0,-0.1140633991258202,10325.775228662711,526150.0706927889
2023-08-25,32.35,1,26049.69,26051.29,6.14210764120493e-05,1.0,6.14210764120493e-05,10326.409448892044,526182.3873964852
2023-09-01,15.88,1,26051.29,25798.79,-0.009692418302510108,1.0,-0.009692418302510108,10226.321568950389,521082.407594425
2023-09-08,32.47,1,25798.79,25907.13,0.004199421755826549,1.0,0.004199421755826549,10269.266206229117,523270.6523934555
2023-09-15,40.23,1,25907.13,26605.49,0.02695628577924314,1.0,0.02695628577924314,10546.087480827353,537376.0856392644
2023-09-22,23.58,1,26605.49,26583.16,-0.0008393004601682241,1.0,-0.0008393004601682241,10537.23614475172,536925.065643304
2023-09-29,-1.67,1,26583.16,26909.4,0.012272431118046212,1.0,0.012272431118046212,10666.553649512773,543514.441526964
2023-10-06,14.17,1,26909.4,27946.61,0.03854452347506809,1.0,0.03854452347506809,11077.69087705449,564463.9466774386
2023-10-13,-1.63,1,27946.61,26862.9,-0.03877786965932539,1.0,-0.03877786965932539,10648.121624097774,542575.2373257924
2023-10-20,-5.62,1,26862.9,29684.37,0.10503221915727634,1.0,0.10503221915727634,11766.517468133345,599563.1185619063
2023-10-27,2.83,1,29684.37,33907.7,0.14227453707119264,1.0,0.14227453707119264,13440.593293852118,684865.6837002621
2023-11-03,34.75,1,33907.7,34732.28,0.02431837016370908,1.0,0.02431837016370908,13767.44661679188,701520.5009089068
2023-11-10,39.85,1,34732.28,37321.51,0.07454823006148747,1.0,0.07454823006148747,14793.78539453973,753817.6126035139
2023-11-17,31.42,1,37321.51,36626.32,-0.01862705983761115,1.0,-0.01862705983761115,14518.22066877086,739776.206826903
2023-11-24,29.47,1,36626.32,37737.05,0.030326005997872718,1.0,0.030326005997872718,14958.500315850446,762210.6645122193
2023-12-01,11.13,1,37737.05,38699.84,0.025513123044858865,1.0,0.025513123044858865,15340.138374975299,781657.0389820231
2023-12-08,17.4,1,38699.84,44186.18,0.14176647758750427,1.0,0.14176647758750427,17514.85575810045,892469.804079983
2023-12-15,22.02,1,44186.18,41939.16,-0.05085345689534593,1.0,-0.05085345689534593,16624.164795777688,847084.6293678038
2023-12-22,1.63,1,41939.16,44008.04,0.04933050638114822,1.0,0.04933050638114822,17444.243263317057,888871.7430822048
2023-12-29,5.63,1,44008.04,42073.59,-0.04395674063193922,1.0,-0.04395674063193922,16677.451186670976,849799.8384164807
2024-01-05,-14.8,1,42073.59,44178.89,0.0500385158480654,1.0,0.0500385158480654,17511.966092180548,892322.5610987672
2024-01-12,21.53,1,44178.89,42776.42,-0.031745252087592046,1.0,-0.031745252087592046,16956.044314034913,863995.556453241
2024-01-19,7.32,1,42776.42,41625.47,-0.026906178684424686,1.0,-0.026906178684424686,16499.821955940464,840748.7376287612
2024-01-26,-9.43,1,41625.47,41816.55,0.004590458678304543,1.0,0.004590458678304543,16575.56370682859,844608.1599676828
2024-02-02,-20.08,1,41816.55,43181.71,0.0326464043542567,1.0,0.0326464043542567,17116.69626200146,872181.5794788925
2024-02-09,-0.6,1,43181.71,47154.23,0.09199543047276282,1.0,0.09199543047276282,18691.354102895813,952418.2993334674
2024-02-16,-27.97,1,47154.23,52163.28,0.10622694931080412,1.0,0.10622694931080412,20676.87962773442,1053590.7897394458
2024-02-23,-16.6,1,52163.28,50744.07,-0.027207069800825434,1.0,-0.027207069800825434,20114.322320439383,1024925.6715814979
2024-03-01,-20.95,1,50744.07,62431.25,0.23031617290453843,1.0,0.23031617290453843,24746.976057851316,1260982.6297717623
2024-03-08,-21.67,1,62431.25,68269.39,0.09351310441485627,1.0,0.09351310441485627,27061.142613901113,1378901.030094929
2024-03-15,-21.67,1,68269.39,69497.39,0.01798756367971066,1.0,0.01798756367971066,27547.906639914392,1403704.1001817803
2024-03-22,-43.63,0,69497.39,63816.99,-0.08173544359003992,1.0,-0.08173544359003992,25296.266270723983,1288971.7228842645
2024-03-29,-13.33,0,63816.99,69903.72,0.09537789231362992,0.0,0.0,25296.266270723983,1411911.129064834
2024-04-05,-38.33,0,69903.72,67860.53,-0.029228630464873673,0.0,-0.0,25296.266270723983,1370642.9004241554
2024-04-12,-20.0,0,67860.53,67158.3,-0.010348136096196114,0.0,-0.0,25296.266270723983,1356459.3011512812
2024-04-19,-41.45,0,67158.3,63848.26,-0.049287132044736115,0.0,-0.0,25296.266270723983,1289603.3124621275
2024-04-26,-40.75,0,63848.26,63750.63,-0.0015290941366296051,0.0,-0.0,25296.266270723983,1287631.3875984636
2024-05-03,-22.17,0,63750.63,62917.45,-0.013069361040039973,0.0,-0.0,25296.266270723983,1270802.8681074516
2024-05-10,0.28,0,62917.45,60790.82,-0.03380032089666696,0.0,-0.0,25296.266270723983,1227849.323369015
2024-05-17,-11.13,0,60790.82,67051.35,0.10298479276969785,0.0,0.0,25296.266270723983,1354299.1314885868
2024-05-24,-18.68,0,67051.35,68548.33,0.022325874124831113,0.0,0.0,25296.266270723983,1384535.043425569
2024-05-31,-27.15,0,68548.33,67482.25,-0.01555223883645307,0.0,-0.0,25296.266270723983,1363002.4237527756
2024-06-07,-45.03,0,67482.25,69330.51,0.02738883187801222,0.0,0.0,25296.266270723983,1400333.4679862636
2024-06-14,-14.47,0,69330.51,66006.13,-0.04794974103031968,0.0,-0.0,25296.266270723983,1333187.8408402328
2024-06-21,-20.87,0,66006.13,64119.34,-0.028585072325858385,0.0,-0.0,25296.266270723983,1295078.5699858598
2024-06-28,-14.13,0,64119.34,60324.3,-0.059187134490155335,0.0,-0.0,25296.266270723983,1218426.5804887887
2024-07-05,9.03,0,60324.3,56646.24,-0.060971449316444715,0.0,-0.0,25296.266270723983,1144137.3459907074
2024-07-12,7.25,0,56646.24,57913.68,0.022374653639853248,0.0,0.0,25296.266270723983,1169737.0228236704
2024-07-19,-15.0,0,57913.68,66708.49,0.15186066573562584,0.0,0.0,25296.266270723983,1347374.065845282
2024-07-26,-7.3,0,66708.49,67925.17,0.01823875791522167,0.0,0.0,25296.266270723983,1371948.4952534821
2024-08-02,-14.02,0,67925.17,61422.3,-0.09573579278491307,0.0,-0.0,25296.266270723983,1240603.9184003214
2024-08-09,3.9,0,61422.3,60868.88,-0.009010082657275986,0.0,-0.0,25296.266270723983,1229425.974550594
2024-08-16,7.45,0,60868.88,58893.67,-0.032450243868459516,0.0,-0.0,25296.266270723983,1189530.8018582088
2024-08-23,-0.63,0,58893.67,64087.8,0.08819504710777926,0.0,0.0,25296.266270723983,1294441.526964248
2024-08-30,7.72,0,64087.8,59129.05,-0.07737432085357898,0.0,-0.0,25296.266270723983,1194284.9929307194
2024-09-06,16.32,0,59129.05,53954.33,-0.0875156965992182,0.0,-0.0,25296.266270723983,1089766.309836395
2024-09-13,5.97,0,53954.33,60548.12,0.12221058068926083,0.0,0.0,25296.266270723983,1222947.283377094
2024-09-20,-14.67,0,60548.12,63211.47,0.043987327765089956,0.0,0.0,25296.266270723983,1276741.4663704284
2024-09-27,-18.45,0,63211.47,65790.28,0.04079655163849205,0.0,0.0,25296.266270723983,1328828.1155322136
2024-10-04,-3.93,0,65790.28,62094.06,-0.05618185543517984,0.0,-0.0,25296.266270723983,1254172.0864471802
2024-10-11,-12.65,0,62094.06,62517.42,0.006818043465027124,0.0,0.0,25296.266270723983,1262723.0862452008
2024-10-18,-20.2,0,62517.42,68425.63,0.09450501956094803,0.0,0.0,25296.266270723983,1382056.7562108643
2024-10-25,-35.03,0,68425.63,66577.77,-0.02700537795559943,0.0,-0.0,25296.266270723983,1344733.7911533
2024-11-01,-37.15,0,66577.77,69473.41,0.04349259520107096,0.0,0.0,25296.266270723983,1403219.753585132
2024-11-08,-26.03,0,69473.41,76562.31,0.10203759970901083,0.0,0.0,25296.266270723983,1546400.9291052285
2024-11-15,-30.0,0,76562.31,91058.92,0.1893439474331431,0.0,0.0,25296.266270723983,1839202.5853362926
2024-11-22,-20.0,0,91058.92,99010.89,0.0873277433995483,0.0,0.0,25296.266270723983,1999815.9967683263
2024-11-29,-30.0,0,99010.89,97510.92,-0.015149545671188314,0.0,-0.0,25296.266270723983,1969519.6929913114
2024-12-06,-13.33,0,97510.92,99897.97,0.024479822362459602,0.0,0.0,25296.266270723983,2017733.1852151046
2024-12-13,-21.67,0,99897.97,101429.78,0.01533374502004392,0.0,0.0,25296.266270723983,2048672.591395674
2024-12-20,-21.67,0,101429.78,97769.49,-0.03608693620354886,0.0,-0.0,25296.266270723983,1974742.2742880192
2024-12-27,-19.95,0,97769.49,94170.09,-0.03681516595821466,0.0,-0.0,25296.266270723983,1902041.8097354034
2025-01-03,-30.0,0,94170.09,98135.8,0.04211220356697121,0.0,0.0,25296.266270723983,1982140.981619871
2025-01-10,-18.55,0,98135.8,94710.29,-0.034905814188094575,0.0,-0.0,25296.266270723983,1912952.7368208403
2025-01-17,-38.33,0,94710.29,104111.13,0.09925890840372276,0.0,0.0,25296.266270723983,2102830.337305591
2025-01-24,-55.0,0,104111.13,104854.78,0.007142848223816278,0.0,0.0,25296.266270723983,2117850.5352454013
2025-01-31,-30.0,0,104854.78,102412.41,-0.023292881831424306,0.0,-0.0,25296.266270723983,2068519.6929913114
2025-02-07,-12.38,0,102412.41,96532.73,-0.05741179218416992,0.0,-0.0,25296.266270723983,1949762.2702484312
2025-02-14,-29.55,0,96532.73,97508.71,0.01011035324495646,0.0,0.0,25296.266270723983,1969475.0555443312
2025-02-21,-12.18,0,97508.71,96150.27,-0.013931473403760553,0.0,-0.0,25296.266270723983,1942037.3661886456
2025-02-28,7.33,0,96150.27,84322.57,-0.12301265508666792,0.0,-0.0,25296.266270723983,1703142.1934962608
2025-03-07,4.48,0,84322.57,86766.61,0.02898441069810831,0.0,0.0,25296.266270723983,1752506.7663098334
2025-03-14,8.18,0,86766.61,83995.47,-0.031937861811127566,0.0,-0.0,25296.266270723983,1696535.447384364
2025-03-21,8.43,0,83995.47,84060.48,0.0007739703105416051,0.0,0.0,25296.266270723983,1697848.5154514208
2025-03-28,8.35,0,84060.48,84387.01,0.00388446508989726,0.0,0.0,25296.266270723983,1704443.7487376258
2025-04-04,16.0,0,84387.01,83860.21,-0.006242666969714761,0.0,-0.0,25296.266270723983,1693803.4740456445
2025-04-11,-8.1,0,83860.21,83386.0,-0.005654767618635925,0.0,-0.0,25296.266270723983,1684225.4090082783
2025-04-18,-25.77,0,83386.0,84459.96,0.012879380231693549,0.0,0.0,25296.266270723983,1705917.1884467755
2025-04-25,-36.45,0,84459.96,94711.24,0.12137443588654317,0.0,0.0,25296.266270723983,1912971.9248636607
2025-05-02,-20.92,0,94711.24,96925.07,0.023374522390373187,0.0,0.0,25296.266270723983,1957686.7299535417
2025-05-09,-30.0,0,96925.07,102982.3,0.062493945064986844,0.0,0.0,25296.266270723983,2080030.296909712
2025-05-16,-13.33,0,102982.3,103499.6,0.005023193306034068,0.0,0.0,25296.266270723983,2090478.691173497
2025-05-23,-11.67,0,103499.6,107332.91,0.03703695473219226,0.0,0.0,25296.266270723983,2167903.6558271023
2025-05-30,-21.67,0,107332.91,104039.27,-0.030686207985975544,0.0,-0.0,25296.266270723983,2101378.913350835
2025-06-06,-11.67,0,104039.27,104392.54,0.0033955447784281834,0.0,0.0,25296.266270723983,2108514.2395475623
2025-06-13,-11.67,0,104392.54,106121.08,0.016558079724853902,0.0,0.0,25296.266270723983,2143427.1864269804
2025-06-20,3.33,0,106121.08,103313.31,-0.02645817400275241,0.0,-0.0,25296.266270723983,2086716.0169662654
2025-06-27,-13.33,0,103313.31,107105.16,0.03670243456530442,0.0,0.0,25296.266270723983,2163303.5750353425
2025-07-04,-13.33,0,107105.16,108027.71,0.008613497239535528,0.0,0.0,25296.266270723983,2181937.1844071867
2025-07-11,-3.33,0,108027.71,117573.92,0.08836816035441264,0.0,0.0,25296.266270723983,2374750.9594021365
2025-07-18,-21.67,0,117573.92,118025.92,0.003844389980363072,0.0,0.0,25296.266270723983,2383880.42819632
2025-07-25,-21.67,0,118025.92,117644.11,-0.0032349673698793824,0.0,-0.0,25296.266270723983,2376168.6527974107
2025-08-01,-46.67,0,117644.11,113263.48,-0.03723628832756698,0.0,-0.0,25296.266270723983,2287688.95172692
2025-08-08,-46.67,0,113263.48,116692.86,0.030277897165088108,0.0,0.0,25296.266270723983,2356955.362553016
2025-08-15,-30.0,0,116692.86,117440.09,0.006403390918690244,0.0,0.0,25296.266270723983,2372047.869117346
2025-08-22,-30.0,0,117440.09,116909.79,-0.00451549381476124,0.0,-0.0,25296.266270723983,2361336.901636029
2025-08-29,-28.35,0,116909.79,108393.15,-0.07284796251879333,0.0,-0.0,25296.266270723983,2189318.319531404
2025-09-05,-12.7,0,108393.15,110676.99,0.02106996613715917,0.0,0.0,25296.266270723983,2235447.182387393
2025-09-12,-30.0,0,110676.99,116116.26,0.04914544567935919,0.0,0.0,25296.266270723983,2345309.230458489
2025-09-19,-30.0,0,116116.26,115701.97,-0.0035678896306167163,0.0,-0.0,25296.266270723983,2336941.4259745465
2025-09-26,-28.95,0,115701.97,109723.94,-0.05166748673337196,0.0,-0.0,25296.266270723983,2216197.5358513393
2025-10-03,-13.33,0,109723.94,122318.86,0.11478734722796125,0.0,0.0,25296.266270723983,2470588.971924859
2025-10-10,-29.72,0,122318.86,112998.91,-0.07619389193130144,0.0,-0.0,25296.266270723983,2282345.1827913513
2025-10-17,-9.2,0,112998.91,106485.41,-0.057642148937542825,0.0,-0.0,25296.266270723983,2150785.901838009
2025-10-24,-28.85,0,106485.41,111046.29,0.042831031969543965,0.0,0.0,25296.266270723983,2242906.281559277
2025-10-31,-28.2,0,111046.29,109580.94,-0.013195848325954773,0.0,-0.0,25296.266270723983,2213309.2304584896
2025-11-07,-4.75,0,109580.94,103301.61,-0.05730312224005385,0.0,-0.0,25296.266270723983,2086479.7010704873
2025-11-14,-3.63,0,103301.61,94531.81,-0.08489509505224557,0.0,-0.0,25296.266270723983,1909347.8085235273
2025-11-21,6.43,0,94531.81,85087.62,-0.09990488915847484,0.0,-0.0,25296.266270723983,1718594.6273480074
2025-11-28,10.63,0,85087.62,90917.53,0.06851654800075502,0.0,0.0,25296.266270723983,1836346.7986265367
2025-12-05,-14.17,0,90917.53,89352.03,-0.01721890156936734,0.0,-0.0,25296.266270723983,1804726.9238537636
2025-12-12,11.75,0,89352.03,90277.47,0.010357235308475987,0.0,0.0,25296.266270723983,1823418.9052716591
2025-12-19,14.22,0,90277.47,88107.2,-0.024039995804047254,0.0,-0.0,25296.266270723983,1779583.922439908
2025-12-26,5.25,0,88107.2,87315.1,-0.008990184684111946,0.0,-0.0,25296.266270723983,1763585.1343162968
2026-01-02,29.45,0,87315.1,89959.25,0.03028284912918844,0.0,0.0,25296.266270723983,1816991.5168652767
2026-01-09,-14.23,0,89959.25,90524.71,0.006285734929982301,0.0,0.0,25296.266270723983,1828412.6439103184
2026-01-16,-19.08,0,90524.71,95521.19,0.055194653481905664,0.0,0.0,25296.266270723983,1929331.2462128834
2026-01-23,-12.75,0,95521.19,89506.66,-0.06296540066136114,0.0,-0.0,25296.266270723983,1807850.131286606
2026-01-30,-7.13,0,89506.66,84135.11,-0.06001285267487366,0.0,-0.0,25296.266270723983,1699355.8876994518
2026-02-06,33.45,0,84135.11,70535.76,-0.16163703833037135,0.0,-0.0,25296.266270723983,1424677.0349424332
2026-02-13,33.63,0,70535.76,68816.44,-0.02437515382268496,0.0,-0.0,25296.266270723983,1389950.3130680646
2026-02-20,34.55,0,68816.44,67997.02,-0.011907329120773968,0.0,-0.0,25296.266270723983,1373399.7172288403
2026-02-27,36.78,0,67997.02,65870.53,-0.03127328227031134,0.0,-0.0,25296.266270723983,1330449.000201977
2026-03-06,44.63,0,65870.53,68110.63,0.034007620706862474,0.0,0.0,25296.266270723983,1375694.4051706702
2026-03-13,23.6,0,68110.63,70941.65,0.04156502443157528,0.0,0.0,25296.266270723983,1432875.1767319706
