timestamp,action,regime,confidence,price,dxy_corr,yield_corr,28_day_return,84_day_return,182_day_return,precision_28,precision_84,precision_182
2017-08-20,HOLD,NEUTRAL,50,4086.29,,,-9.453563011925247,42.20796859743189,154.10408952864333,,,
2017-08-27,HOLD,NEUTRAL,50,4310.01,,,-15.080939487379386,86.4960870160394,122.50528421047746,,,
2017-09-03,HOLD,NEUTRAL,50,4509.08,,,-2.8963779751080123,102.4364171848803,155.37360171032674,,,
2017-09-10,HOLD,NEUTRAL,50,4130.37,,,12.338604047579276,170.32469246096596,130.81636754092247,,,
2017-09-17,HOLD,NEUTRAL,50,3699.99,,,54.32447114721932,302.7032505493258,121.35167932886306,,,
2017-09-24,HOLD,NEUTRAL,50,3660.02,,,62.56796410948575,415.2982770585953,131.42359877814874,,,
2017-10-01,HOLD,NEUTRAL,50,4378.48,,,40.91602565273794,208.32617712082734,55.60217244340504,,,
2017-10-08,HOLD,NEUTRAL,50,4640.0,,,58.29762931034483,195.61120689655175,51.24999999999999,,,
2017-10-15,HOLD,NEUTRAL,50,5709.99,,,1.769530244361198,182.83814857819368,46.322497937824764,,,
2017-10-22,HOLD,NEUTRAL,50,5950.02,,,35.09198288409114,126.4696589255162,47.680511998278995,,,
2017-10-29,HOLD,NEUTRAL,50,6169.98,,,47.94245686371757,86.87256684786662,52.658517531661374,,,
2017-11-05,HOLD,NEUTRAL,50,7345.01,,,52.01354388898041,61.74178115482485,31.50438188647803,,,
2017-11-12,HOLD,NEUTRAL,50,5811.03,,,156.40858849463865,40.84955679113687,49.36611925940839,,,
2017-11-19,HOLD,NEUTRAL,50,8038.0,,,134.63573028116446,0.3219706394625542,6.083354068176158,,,
2017-11-26,HOLD,NEUTRAL,50,9128.02,,,47.89625789601688,13.753366009276927,-19.59932164916379,,,
2017-12-03,HOLD,NEUTRAL,50,11165.41,,,22.846899486897488,-14.109737125640706,-30.909299345030767,,,
2017-12-10,HOLD,NEUTRAL,50,14899.98,,,8.389608576655814,-22.71801707116385,-54.5973216071431,,,
2017-12-17,HOLD,NEUTRAL,50,18860.02,,,-28.552620834972608,-49.45090196086749,-65.8027404000632,,,
2017-12-24,HOLD,NEUTRAL,50,13500.0,,,-14.592592592592593,-39.333407407407414,-54.54096296296296,,,
2017-12-31,HOLD,NEUTRAL,50,13716.36,,,-13.3884645780659,-38.247829599106474,-53.65527005707054,,,
2018-01-07,HOLD,NEUTRAL,50,16150.03,,,-49.3201560616296,-57.81425793017103,-58.439086490861,,,
2018-01-14,HOLD,NEUTRAL,50,13474.99,,,-40.156690283258094,-47.91832869634783,-52.85332308224348,,,
2018-01-21,HOLD,NEUTRAL,50,11530.0,,,-9.944232437120553,-27.53686036426713,-35.86478751084128,,,
2018-01-28,HOLD,NEUTRAL,50,11879.95,,,-19.2757545275864,-26.034873884149345,-30.883547489677994,,,
2018-02-04,HOLD,NEUTRAL,50,8184.81,,,40.68744418013368,15.07903054560826,-14.180170339934595,,,
2018-02-11,HOLD,NEUTRAL,50,8063.88,,,18.22559363482591,19.781172338874093,-21.77053725997907,,,
2018-02-18,HOLD,NEUTRAL,50,10383.43,,,-21.12442612893813,-16.408065542889016,-37.61666424293322,,,
2018-02-25,HOLD,NEUTRAL,50,9590.0,,,-11.67726798748697,-11.08467153284672,-30.13555787278415,,,
2018-03-04,HOLD,NEUTRAL,50,11515.0,,,-40.8336083369518,-36.26582718193661,-36.58697351280938,,,
2018-03-11,HOLD,NEUTRAL,50,9533.57,,,-26.386442854041032,-19.08319758495505,-34.43369063215563,,,
2018-03-18,HOLD,NEUTRAL,50,8189.99,,,2.014776574818775,-17.39928864382008,-20.57377359435115,,,
2018-03-25,HOLD,NEUTRAL,50,8470.15,,,3.7410199347119097,-23.854831378428955,-20.804236052490214,,,
2018-04-01,HOLD,NEUTRAL,50,6813.01,,,38.250200718918656,-9.922780092793053,-2.736529081859567,,,
2018-04-08,HOLD,NEUTRAL,50,7018.0,,,37.631946423482475,-9.421345112567678,-5.738671986320886,,,
2018-04-15,HOLD,NEUTRAL,50,8355.0,,,3.8864153201675538,-19.663674446439252,-24.12519449431478,,,
2018-04-22,HOLD,NEUTRAL,50,8787.02,,,-2.959365063468626,-27.70006213710678,-25.001763965485463,,,
2018-04-29,HOLD,NEUTRAL,50,9419.0,,,-22.08312984393248,-21.49071026648264,-31.09746257564497,,,
2018-05-06,HOLD,NEUTRAL,50,9659.01,,,-20.134051005227242,-14.991287927023578,-32.8518140057832,,,
2018-05-13,HOLD,NEUTRAL,50,8679.71,,,-22.059723193516827,-19.07344830645263,-25.69095050410669,,,
2018-05-20,HOLD,NEUTRAL,50,8526.98,,,-24.36231819471841,-26.01917677771028,-33.59899988037969,,,
2018-05-27,HOLD,NEUTRAL,50,7338.99,,,-16.37854800183676,-11.738127453505182,-44.32776172198081,,,
2018-06-03,HOLD,NEUTRAL,50,7714.26,,,-17.596632729516504,-13.147858641010288,-46.06080168415376,,,
2018-06-10,HOLD,NEUTRAL,50,6764.99,,,-0.7818193375008599,7.93822311636825,-47.59238372857905,,,
2018-06-17,HOLD,NEUTRAL,50,6449.61,,,-1.497764981138386,-3.0823569177050905,-49.94007389594099,,,
2018-06-24,HOLD,NEUTRAL,50,6136.97,,,20.49578212049268,5.996933340068466,-35.96660892916211,,,
2018-07-01,HOLD,NEUTRAL,50,6356.81,,,29.168560960607593,5.524626345604156,-40.19154261335482,,,
2018-07-08,HOLD,NEUTRAL,50,6712.1,,,4.6496625497236215,-1.274265878041159,-40.590873199147815,,,
2018-07-15,HOLD,NEUTRAL,50,6353.01,,,-0.7032886773356297,4.127964539643413,-45.27302806071453,,,
2018-07-22,HOLD,NEUTRAL,50,7394.79,,,-12.40413858946637,-14.27288672159723,-52.13819459376128,,,
2018-07-29,HOLD,NEUTRAL,50,8211.0,,,-18.402143466082084,-19.740470101083915,-56.75508464255267,,,
2018-08-05,HOLD,NEUTRAL,50,7024.19,,,3.9551891392459577,-7.606001546085732,-50.76855836758401,,,
2018-08-12,HOLD,NEUTRAL,50,6308.33,,,-0.9118102572313042,2.814056969118617,-41.66348304543358,,,
2018-08-19,HOLD,NEUTRAL,50,6477.53,-0.053874768327968066,-0.22063594114088614,0.42408140139837647,-0.42794089722470363,-43.379961188909974,,,
2018-08-26,HOLD,NEUTRAL,50,6700.0,-0.051357972517507074,-0.21890208235724018,0.11940298507462686,-15.492537313432836,-44.12597014925373,,,
2018-09-02,HOLD,NEUTRAL,50,7302.01,-0.0429942586248705,-0.21455517324677345,-9.250055806551902,-44.04581752147696,-47.8533992695162,,,
2018-09-09,HOLD,NEUTRAL,50,6250.81,-0.07356757063153785,-0.26453674457906595,5.8304443744090735,-33.43246715225707,-37.33900086548784,,,
2018-09-16,HOLD,NEUTRAL,50,6505.0,-0.06728079236624245,-0.24089653319075532,-2.54665641813989,-45.497770945426595,-38.79877017678709,,,
2018-09-23,HOLD,NEUTRAL,50,6708.0,-0.06586264450790863,-0.23650384954941778,-1.7574537865235589,-51.86836612999404,-40.486285032796665,,,
2018-09-30,HOLD,NEUTRAL,50,6626.57,-0.10907495450860888,-0.26245270672632176,-2.062001910490637,-40.697676173344576,-38.068261559147494,,,
2018-10-07,HOLD,NEUTRAL,50,6615.26,-0.11596321139193627,-0.25925212645695855,-1.9562345244177832,-42.52818483324919,-21.843283559527514,,,
2018-10-14,HOLD,NEUTRAL,50,6339.34,-0.09297263551219788,-0.2086149573890675,1.7426104294768894,-37.097552742083565,-19.056242447951995,,,
2018-10-21,HOLD,NEUTRAL,50,6590.11,-0.09532918114054945,-0.2196691339457119,-14.083376453503806,-47.242003547740474,-20.241998995464407,,,
2018-10-28,HOLD,NEUTRAL,50,6489.93,-0.10419645096513849,-0.20794724430311487,-37.044313266861124,-45.46505124092248,-18.219148742744526,,,
2018-11-04,HOLD,NEUTRAL,50,6485.85,-0.09667874970637746,-0.17576760302486652,-35.84480060439264,-45.25251123599837,-10.950453679934016,,,
2018-11-11,HOLD,NEUTRAL,50,6449.81,-0.119304658239502,-0.15539539258311702,-45.03140402585503,-46.384312096015236,8.023492164885477,,,
2018-11-18,HOLD,NEUTRAL,50,5662.0,-0.06116491723996328,-0.07635549448095004,-42.97651006711409,-35.00423878488167,43.915224302366646,,,
2018-11-25,HOLD,NEUTRAL,50,4085.78,-0.05369756234341472,-0.043312009696075786,-3.8198336670109536,-10.23549970874595,110.83930118606482,,,
2018-12-02,HOLD,NEUTRAL,50,4161.01,-0.05581531163815345,-0.05695027520876573,-8.630116245815326,-10.032420013410212,109.70821987930812,,,
2018-12-09,HOLD,NEUTRAL,50,3545.37,-0.12370479429238679,-0.013198074779739354,12.473451289992301,7.400638015214213,115.1575152945955,,,
2018-12-16,HOLD,NEUTRAL,50,3228.67,-0.12467538379736012,0.010905740853258468,7.685517566056607,21.313729802054716,177.30706451882662,,,
2018-12-23,HOLD,NEUTRAL,50,3929.71,-0.16795652245184126,0.03961371385575301,-9.9353387400088,1.3087479737690526,177.5286217049095,,,
2018-12-30,HOLD,NEUTRAL,50,3801.91,-0.16053796849918905,0.04969329595078628,-6.6037859917778094,5.004589798285599,185.4907138780245,,,
2019-01-06,HOLD,NEUTRAL,50,3987.6,-0.1378393919625378,0.00875009273840659,-13.2784130805497,2.9177951650115337,186.04273247065905,,,
2019-01-13,HOLD,NEUTRAL,50,3476.81,-0.12990023860849492,0.02873400956668511,5.845875961010236,48.707292029187684,192.62973817953818,,,
2019-01-20,HOLD,NEUTRAL,50,3539.28,-0.16498058667682342,0.06411105095425261,3.625031079767629,44.98146515675504,199.19785945163989,,,
2019-01-27,HOLD,NEUTRAL,50,3550.84,-0.1575664016984323,0.06066250799314072,5.42744815311306,48.02525599576439,168.7121920446993,,,
2019-02-03,HOLD,NEUTRAL,50,3458.11,-0.14214321800669927,0.22300249768904762,10.11072522273727,53.48036933469439,216.04633745022568,,,
2019-02-10,HOLD,NEUTRAL,50,3680.06,-0.13026473558050886,0.20584361733432244,6.4335907566724515,56.94363678853062,213.85276327016408,,,
2019-02-17,HOLD,NEUTRAL,50,3667.58,-0.01602947457986016,0.18686854267483577,8.549506759225428,89.97022559835098,181.02399947649405,,,
2019-02-24,HOLD,NEUTRAL,50,3743.56,-0.014551166300627421,0.1891106843519544,6.641271944352432,117.6666061182404,170.9370225133296,,,
2019-03-03,HOLD,NEUTRAL,50,3807.75,-0.06784692330364248,0.21373992986362852,7.77887203729236,126.23412776574092,155.39964545991728,,,
2019-03-10,HOLD,NEUTRAL,50,3916.82,-0.1005221428314071,0.21335598906321154,32.00172588988006,122.78225703504373,165.04102818102442,,,
2019-03-17,HOLD,NEUTRAL,50,3981.14,-0.09149302148676773,0.1986343454208233,28.890217374922774,91.60667547486399,158.77035221067334,,,
2019-03-24,HOLD,NEUTRAL,50,3992.18,-0.08088773135313536,0.18788270959654865,31.66089705374008,124.27170117579868,151.2128711631239,,,
2019-03-31,HOLD,NEUTRAL,50,4103.95,-0.1091410388526322,0.15343444086649427,29.3271116850839,165.74568403611156,96.00190060795087,,,
2019-04-07,HOLD,NEUTRAL,50,5170.27,-0.12942913752366902,0.21403566176334793,11.708286027615568,109.93294354066614,51.911795708928146,,,
2019-04-14,HOLD,NEUTRAL,50,5131.3,-0.08598539580481263,0.19153931433545746,35.78060140705085,122.28752947596124,61.26537134839124,,,
2019-04-21,HOLD,NEUTRAL,50,5256.14,-0.10268525677181628,0.1766947716395222,55.027834114007604,93.56752293508163,56.45226344808167,,,
2019-04-28,HOLD,NEUTRAL,50,5307.52,-0.12620681588567575,0.17245590842430564,62.30612414084167,99.51785391293862,79.55523483660917,,,
2019-05-05,HOLD,NEUTRAL,50,5775.62,-0.1505055488651268,0.18167478245247723,51.083000612921204,65.20373570283365,59.198666117230694,,,
2019-05-12,HOLD,NEUTRAL,50,6967.31,-0.13531663577319453,0.14136195125912873,9.484578696799764,56.864413956031804,29.741177010926723,,,
2019-05-19,HOLD,NEUTRAL,50,8148.48,-0.08026312121324797,0.10714303975704077,9.877302269871196,41.74385897737983,4.343386742067233,,,
2019-05-26,HOLD,NEUTRAL,50,8614.43,-0.10106442925971534,0.05746483218418531,26.602340491477666,19.645525008619263,-19.86376347593515,,,
2019-06-02,HOLD,NEUTRAL,50,8725.98,-0.10178020356212084,0.053541299623360045,24.388320853359748,16.235540306074515,-15.300172588064598,,,
2019-06-09,HOLD,NEUTRAL,50,7628.13,-0.042451715219027346,0.08897568359808807,49.528652500678405,27.48838837303506,-1.5471681788328258,,,
2019-06-16,HOLD,NEUTRAL,50,8953.33,-0.014302274814624432,0.09633017200242,13.635708725133558,15.947697672262725,-20.492263772250098,,,
2019-06-23,HOLD,NEUTRAL,50,10906.07,-0.08638900153442886,0.08629281362921,-2.90315393170958,-5.538750438975722,-31.21775304944861,,,
2019-06-30,HOLD,NEUTRAL,50,10854.1,-0.0838512825297891,0.09094825202192842,-12.092757575478386,-7.602933453717946,-31.931343916123865,,,
2019-07-07,HOLD,NEUTRAL,50,11406.24,-0.07018854193591839,0.0976378879429563,-4.182009145871033,-29.47877652933833,-35.48487494564378,,,
2019-07-14,HOLD,NEUTRAL,50,10174.18,-0.04595593299843033,0.06281475432642288,13.52236740454758,-22.802132456866307,-19.551452795212988,,,
2019-07-21,HOLD,NEUTRAL,50,10589.45,-0.057171308062864974,0.032229876586344866,-2.6693548767877466,-21.856092620485487,-17.826704880801174,,,
2019-07-28,HOLD,NEUTRAL,50,9541.54,-0.06108535495824776,-0.003172200360848866,6.3003456465098875,-13.815275102341973,-9.710591791262216,,,
2019-08-04,HOLD,NEUTRAL,50,10929.23,-0.0286272790089635,-0.07923696298454147,-11.018617048044556,-12.803280743474147,-14.61877918206497,,,
2019-08-11,HOLD,NEUTRAL,50,11549.97,0.022549928932886765,-0.10480370701301486,-10.119420223602305,-20.391914437873,-12.105832309521146,,,
2019-08-18,HOLD,NEUTRAL,50,10306.78,-0.0024345933289008385,-0.02988617247243116,-0.046280215547439996,-12.295886785203539,-3.77916284232321,,,
2019-08-25,HOLD,NEUTRAL,50,10142.69,0.002997895789971283,-0.02785683595712828,-1.122187506470174,-16.17213973807738,-2.0338785864499545,,,
2019-09-01,HOLD,NEUTRAL,50,9724.98,-0.027040977742672632,-0.03848729414956408,-17.28702783964594,-29.014969696595777,-12.268405693379322,,,
2019-09-08,HOLD,NEUTRAL,50,10381.18,-0.033456862764740775,0.008941343142067126,-24.341452513105448,-28.804914277567672,-22.616600424999852,,,
2019-09-15,HOLD,NEUTRAL,50,10302.01,-0.025523679958643075,-0.017236123766701476,-19.675772009539884,-27.10053669138353,-47.95869932178284,,,
2019-09-22,HOLD,NEUTRAL,50,10028.87,-0.026529838991255474,-0.007467169437964269,-18.00322469031905,-29.019022083245673,-42.00553003478957,,,
2019-09-29,HOLD,NEUTRAL,50,8043.82,-0.05458745810828176,0.008192611492238487,18.475177216795014,-6.742816224132317,-26.882749738308416,,,
2019-10-06,HOLD,NEUTRAL,50,7854.25,-0.05008591239082928,0.021815999793543032,17.06668364261386,-5.933220867683104,-13.769233217684695,,,
2019-10-13,HOLD,NEUTRAL,50,8275.01,-0.06409745472767177,0.04292587775511796,9.238176147219148,-11.072615017987895,-16.570614416175935,,,
2019-10-20,HOLD,NEUTRAL,50,8223.35,-0.06413659567290632,0.03986907235865203,3.39338590720326,-0.4665981625493357,-13.40828251260132,,,
2019-10-27,HOLD,NEUTRAL,50,9529.93,-0.06211111358036279,0.05257218266753403,-27.562112208589156,-8.690829838204472,-19.27432835288402,,,
2019-11-03,HOLD,NEUTRAL,50,9194.71,-0.05582619004276137,0.06003358277197111,-19.618019491642468,-6.3048209242053215,-3.268727344309927,,,
2019-11-10,HOLD,NEUTRAL,50,9039.47,-0.05726691659086053,0.04475086105556739,-16.918691029451946,3.230720385155334,-3.503523989791425,,,
2019-11-17,HOLD,NEUTRAL,50,8502.4,-0.08477941864335531,0.043737481480030385,-16.275522205494912,19.398640383891614,13.850677455777207,,,
2019-11-24,ADD,BULLISH_ACCUMULATION,80,6903.28,-0.06715069324694845,0.06435657083279854,8.66486655618778,43.660260050294944,26.321690558690946,True,True,True
2019-12-01,HOLD,NEUTRAL,50,7390.89,-0.06323815974652829,0.06681948365847888,-0.03585495116285786,34.44118367341415,27.836701669217106,,,
2019-12-08,HOLD,NEUTRAL,50,7510.11,-0.08359083867114715,0.04256910929784146,-2.0154165518214735,13.60526010937256,29.784916599091094,,,
2019-12-15,ADD,BULLISH_ACCUMULATION,80,7118.59,-0.03656360524841124,0.05183630021255896,14.98035425554779,12.84973569204014,31.23525866779798,True,True,True
2019-12-22,HOLD,NEUTRAL,50,7501.44,0.0021523625360632807,0.08148770470894226,16.000394590905227,-28.529722293319676,23.905410161249055,,,
2019-12-29,HOLD,NEUTRAL,50,7388.24,-0.0004539789280156196,0.07993622193342528,16.604225092850264,-21.27773326259028,23.39000898725543,,,
2020-01-05,HOLD,NEUTRAL,50,7358.75,0.010072123167045937,0.08389974067714703,26.808357397655858,-20.07582809580431,23.246611177170035,,,
2020-01-12,HOLD,NEUTRAL,50,8184.98,-0.04099174708547314,0.10395648693670179,24.029014120987473,-17.253554681868494,13.656355910460386,,,
2020-01-19,HOLD,NEUTRAL,50,8701.7,-0.0409341913676713,0.10626452414620569,13.969339324499805,-20.661594860774336,5.829780387740315,,,
2020-01-26,HOLD,NEUTRAL,50,8615.0,-0.05074573710463685,0.11229689721107124,15.338363319791057,-17.344863609982593,15.281950087057469,,,
2020-02-02,HOLD,NEUTRAL,50,9331.51,-0.05310932889486168,0.08483895109589937,-8.569138328094821,-17.55782290326003,18.64478524911831,,,
2020-02-09,HOLD,NEUTRAL,50,10151.75,-0.045933619474167575,0.0998836068887488,-20.867732164405147,-12.38791341394341,15.070603590513954,,,
2020-02-16,HOLD,NEUTRAL,50,9917.27,-0.03911291114083964,0.10032004240613367,-45.939759631430825,-12.044645350988729,20.103617225304944,,,
2020-02-23,HOLD,NEUTRAL,50,9936.4,-0.045036412858211146,0.10424050089679655,-41.46582263193913,-2.5800088563262222,17.22686284771144,,,
2020-03-01,HOLD,NEUTRAL,50,8531.88,-0.07651762519750194,0.19654284397408447,-31.065368945648547,2.2088918268892783,37.26353394562513,,,
2020-03-08,HOLD,NEUTRAL,50,8033.31,-0.04989368622648151,0.22633389944777246,-15.691290389640145,17.613661118517772,27.670910247457154,,,
2020-03-15,ADD,BULLISH_ACCUMULATION,80,5361.3,-0.3433072098235034,-0.016919542162544474,28.77082050995094,81.80273441143005,92.72993490384795,True,True,True
2020-03-22,ADD,BULLISH_ACCUMULATION,80,5816.19,-0.2102458520098093,-0.01866657501153985,22.42963176925101,60.62233180140265,87.75658979503767,True,True,True
2020-03-29,ADD,BULLISH_ACCUMULATION,80,5881.42,-0.19704050569037573,-0.017253858777685864,30.803445426444636,58.0347943183789,83.19130414083673,True,True,True
2020-04-05,ADD,BULLISH_ACCUMULATION,80,6772.78,-0.13971929386345405,-0.077410499491171,31.32214541148539,34.60277758911408,57.49263965461745,True,True,True
2020-04-12,ADD,BULLISH_ACCUMULATION,80,6903.79,-0.14014771428285003,-0.07001690194754377,26.347556921632908,31.368567120378803,64.67795225521054,True,True,True
2020-04-19,ADD,BULLISH_ACCUMULATION,80,7120.74,-0.13846526114461438,-0.07339968715852307,35.94148922724325,30.64302305659244,61.54416535360089,True,True,True
2020-04-26,HOLD,NEUTRAL,50,7693.1,-0.12438693672313662,-0.07987131190753029,13.352744667299266,19.70454043233546,69.35734619334207,,,
2020-05-03,HOLD,NEUTRAL,50,8894.16,-0.14357954232026787,-0.06017592293472501,6.230043084450927,11.66360848017127,54.72512300205978,,,
2020-05-10,HOLD,NEUTRAL,50,8722.77,-0.14814609433640577,-0.06450955409859321,11.741912259523057,26.92470396445166,77.41038683812596,,,
2020-05-17,HOLD,NEUTRAL,50,9680.04,-0.156857870970176,-0.07136593227481446,-3.491101276441012,20.678013727215998,64.84436014727211,,,
2020-05-24,HOLD,NEUTRAL,50,8720.34,-0.1250380612357413,-0.07954349645465396,6.586325762527611,36.58871099062651,111.1664224101354,,,
2020-05-31,HOLD,NEUTRAL,50,9448.27,-0.1417083278894889,-0.07825817566179542,-3.513024077423698,23.28320422680553,92.46899167784156,,,
2020-06-07,HOLD,NEUTRAL,50,9746.99,-0.1725482131776836,-0.056043876357589,-6.951684571339459,20.151554479895843,98.61926605033966,,,
2020-06-14,HOLD,NEUTRAL,50,9342.1,-0.1853751809699626,-0.04192930203005134,-0.42121150490789394,9.784737906894598,105.25352972029845,,,
2020-06-21,HOLD,NEUTRAL,50,9294.69,-0.1518563278638416,-0.045375989543141135,-0.9220318267742197,11.169172936375492,152.3539784543648,,,
2020-06-28,HOLD,NEUTRAL,50,9116.35,-0.1530355403479351,-0.0428924348771021,8.942065629336307,19.787853691444496,188.29147630356445,,,
2020-07-05,HOLD,NEUTRAL,50,9069.41,-0.15611213024783616,-0.0465543806030428,22.073541718810823,18.79769466812064,263.86104498528573,,,
2020-07-12,HOLD,NEUTRAL,50,9302.75,-0.16944372920023212,-0.03831522121772473,25.572330762408967,14.66104109000026,310.09400446104644,,,
2020-07-19,HOLD,NEUTRAL,50,9208.99,-0.1689628580949522,-0.03716554928591762,29.341002650670706,23.45566669091834,289.0612325564476,,,
2020-07-26,HOLD,NEUTRAL,50,9931.54,-0.17181421234882177,-0.04004453228794199,17.2842278236809,15.824333386363026,224.82273645376245,,,
2020-08-02,HOLD,NEUTRAL,50,11071.35,-0.20760350247149786,-0.028351311303613208,5.778970044303535,17.680589991283803,198.9064567554996,,,
2020-08-09,HOLD,NEUTRAL,50,11681.68,-0.2061164167272684,-0.01922553989758134,-12.20269687236767,17.80411721601687,232.10711130590806,,,
2020-08-16,HOLD,NEUTRAL,50,11911.0,-0.19778632550525346,-0.03210892391505436,-13.249685164973554,29.922760473511882,307.83972798253717,,,
2020-08-23,HOLD,NEUTRAL,50,11648.13,-0.19744526374747012,-0.027854619255111953,-6.248642485961254,36.99194634675266,392.85653577011936,,,
2020-08-30,HOLD,NEUTRAL,50,11711.16,-0.18911573091526138,-0.028558931634172575,-8.000146868457096,57.23830944159247,285.4072525693441,,,
2020-09-06,HOLD,NEUTRAL,50,10256.2,-0.17915550869615893,-0.027560562246219826,4.00177453637798,77.30728729938964,396.9847506873891,,,
2020-09-13,HOLD,NEUTRAL,50,10332.83,-0.1800655174765714,-0.023927833598127553,10.028133628444486,87.35815841352273,470.6888625865324,,,
2020-09-20,HOLD,NEUTRAL,50,10920.28,-0.18442038204911287,-0.022972268808532835,5.337408930906522,75.59064419593638,425.183969641804,,,
2020-09-27,HOLD,NEUTRAL,50,10774.25,-0.1751455306054542,-0.02937369634668225,20.92563287467805,117.69979348910597,417.69385340046864,,,
2020-10-04,HOLD,NEUTRAL,50,10666.63,-0.17103684331418267,-0.037528745405501905,29.01450598736434,146.39140947047008,445.6457194071605,,,
2020-10-11,HOLD,NEUTRAL,50,11369.02,-0.1782216336922771,-0.03696191891857226,36.11639349741666,190.26292503663467,427.7713470466232,,,
2020-10-18,HOLD,NEUTRAL,50,11503.14,-0.1803942206945137,-0.03679536565069037,38.718645517658665,231.64874981961447,388.12767644312777,,,
2020-10-25,HOLD,NEUTRAL,50,13028.83,-0.1969760925312126,-0.016836758488880218,41.33602173027049,174.9948383699841,276.6015060446717,,,
2020-11-01,HOLD,NEUTRAL,50,13761.5,-0.18909165111686763,-0.01618986430126799,32.14395233077791,134.42139301674965,311.1340333539222,,,
2020-11-08,HOLD,NEUTRAL,50,15475.1,-0.2199283499067866,-0.01921697857539982,25.100322453489802,113.84663103954095,276.3519460294279,,,
2020-11-15,HOLD,NEUTRAL,50,15957.0,-0.21882096816477595,-0.023007616535816722,20.166635332455986,143.12646487434984,190.97888074199412,,,
2020-11-22,HOLD,NEUTRAL,50,18414.43,-0.22398687764232375,-0.05153005459465761,27.375759119342817,163.80284374808235,88.19615920775175,,,
2020-11-29,HOLD,NEUTRAL,50,18184.99,-0.22520742374288666,-0.05396291428924759,44.52391780253933,215.69206251969342,95.99279405707671,,,
2020-12-06,HOLD,NEUTRAL,50,19359.4,-0.2335933732519519,-0.03986844758302941,70.46008657293098,133.14596526751862,84.90402595121746,,,
2020-12-13,HOLD,NEUTRAL,50,19174.99,-0.24861894228154613,-0.036840032451263216,98.95718328927417,165.82412820032758,103.49721173257456,,,
2020-12-20,HOLD,OVERHEATED,90,23455.52,-0.25289863995852735,-0.01666480209673107,52.751292659467794,151.40482922570035,51.777321500439996,,,
2020-12-27,HOLD,OVERHEATED,90,26281.66,-0.2469687382535444,-0.018507474283250145,22.74681279645198,118.21894050832404,32.03252762572835,,,
2021-01-03,HOLD,OVERHEATED,90,33000.05,-0.25604938139274297,-0.021750921419370198,0.2816056339308586,69.02286511687102,6.928656168702771,,,
2021-01-10,HOLD,OVERHEATED,90,38150.02,-0.25479881102995533,0.01887395675888735,1.6924499646396136,52.5608898763356,-10.199286920426252,,,
2021-01-17,HOLD,OVERHEATED,90,35828.61,-0.25722178852113436,0.020868847698500788,35.58379741776195,67.47071683774503,-11.303955135295505,,,
2021-01-24,HOLD,OVERHEATED,90,32259.9,-0.252089412784507,0.017445956669924552,77.95644127849124,74.05512726325873,9.674921496966808,,,
2021-01-31,HOLD,OVERHEATED,90,33092.98,-0.25496237051420423,0.027026314742519677,36.39043688419719,48.269421490600095,20.404508750798502,,,
2021-02-07,HOLD,OVERHEATED,90,38795.69,-0.25084220952085745,0.037285649006617065,31.385084270958956,45.83632872620643,12.884627132550033,,,
2021-02-14,HOLD,OVERHEATED,90,48577.79,-0.2617107839823561,0.03729284977465813,21.389445670542028,19.891909450800448,-3.3018587300904407,,,
2021-02-21,HOLD,OVERHEATED,90,57408.57,-0.2473470984588189,0.05529205693402746,-0.09930573083426748,-19.120960511644864,-14.230192460812033,,,
2021-02-28,HOLD,OVERHEATED,90,45135.66,-0.26607179650745816,-0.030113102573173525,23.577743185764856,-23.219800042804298,8.047229175334975,,,
2021-03-07,HOLD,OVERHEATED,90,50971.75,-0.26536729375045837,-0.07984086605738361,14.184837679695129,-30.07642468622326,1.540323806814554,,,
2021-03-14,HOLD,OVERHEATED,90,58968.31,-0.09171643511239311,0.09169702523731178,1.7536877010719871,-39.29568271500404,-21.94919610210976,,,
2021-03-21,HOLD,OVERHEATED,90,57351.56,-0.14067332330088878,0.0872995213642718,-2.0950607097697005,-31.962495876310946,-17.62778553887636,,,
2021-03-28,HOLD,OVERHEATED,90,55777.63,-0.1777264346682202,0.08232061850261335,-12.031454186920456,-36.17484285366731,-22.619695386842352,,,
2021-04-04,HOLD,OVERHEATED,90,58202.01,-0.23644784671702376,0.11930789588277843,-2.7899380107319365,-40.379481739548176,-17.184973508646866,,,
2021-04-11,HOLD,OVERHEATED,90,60002.43,-0.25722523153359295,0.13211675412242843,-2.9358644308238913,-41.19153174296441,-8.905355999748679,,,
2021-04-18,HOLD,OVERHEATED,90,56150.01,-0.23831880940796007,0.14380093483738085,-17.308118021706502,-38.98667159631851,9.57848449181042,,,
2021-04-25,HOLD,OVERHEATED,75,49066.77,-0.24210859784363908,0.1584292614121835,-29.371242492627896,-35.23404943916218,24.019208926937733,,,
2021-05-02,HOLD,OVERHEATED,90,56578.21,-0.21904994723352428,0.15341787005227295,-37.005306459854424,-37.46528919879226,8.345244573838592,,,
2021-05-09,HOLD,OVERHEATED,90,58240.84,-0.22067062924057512,0.16222882149135578,-38.53744211106845,-31.585052688113695,8.641273031089526,,,
2021-05-16,HOLD,OVERHEATED,75,46431.5,-0.25070552641508376,0.16974935033444974,-15.960996306386829,-5.679614055113441,41.109160806779876,,,
2021-05-23,HOLD,NEUTRAL,50,34655.25,-0.2758572392623285,0.1742343875676848,2.726599865821206,35.54604280736685,69.15768895044762,,,
2021-05-30,HOLD,NEUTRAL,50,35641.27,-0.2687925214958563,0.17821069855425592,-2.6400013243074683,38.1522600064476,60.69820183175292,,,
2021-06-06,HOLD,NEUTRAL,50,35796.31,-0.283541953831885,0.21378763399839262,-1.4241691392213212,36.23703113533212,37.9927986990838,,,
2021-06-13,HOLD,NEUTRAL,50,39020.57,-0.2636446115163062,0.18029146022534265,-12.202743322304112,32.63998962598444,28.27567613697084,,,
2021-06-20,HOLD,NEUTRAL,50,35600.16,-0.29522835418085697,0.18421152275159947,-10.734783214457467,29.283800971681007,31.12646122938773,,,
2021-06-27,HOLD,NEUTRAL,50,34700.34,-0.27582053880295215,0.16827459888257826,1.9615946126176298,36.14203780135873,46.32562678060216,,,
2021-07-04,HOLD,NEUTRAL,50,35286.51,-0.2812767783356225,0.17388627679408802,12.919753186132604,22.315581790321566,34.00639507845916,,,
2021-07-11,HOLD,NEUTRAL,50,34258.99,-0.2861987102334937,0.18175097759290731,27.833219835144018,40.69302685222187,22.200391780376492,,,
2021-07-18,HOLD,NEUTRAL,50,31778.56,-0.2916628793460865,0.19112208062892352,47.81607473718129,71.99961231723526,35.53685251943449,,,
2021-07-25,HOLD,NEUTRAL,50,35381.02,-0.27514897849464187,0.19912906796516103,39.16845811680953,73.90208083316989,2.440658861728707,,,
2021-08-01,HOLD,NEUTRAL,50,39845.44,-0.2749281987216743,0.20249296918721532,22.39249961852598,52.72066264044266,-4.928242729908367,,,
2021-08-08,HOLD,NEUTRAL,50,43794.37,-0.26502383527584317,0.20649132346695087,18.18158361451482,39.97187309693004,-3.227583819564021,,,
2021-08-15,HOLD,OVERHEATED,75,46973.82,-0.2689585605296732,0.23220575295650495,-2.0193801568618475,34.69969016784242,-10.474259917545552,,,
2021-08-22,HOLD,OVERHEATED,75,49239.22,-0.2548722826007392,0.22037681607109005,-4.0566645856697185,33.06283080844903,-22.04001200668898,,,
2021-08-29,HOLD,NEUTRAL,50,48767.83,-0.2504035847505387,0.238817827475076,-11.497189848307789,20.206332740251092,-22.696847491471328,,,
2021-09-05,HOLD,NEUTRAL,50,51756.88,-0.2526374177100967,0.22634986681626187,-6.872265097896155,10.661384534771031,-25.76675796531785,,,
2021-09-12,HOLD,NEUTRAL,50,46025.24,-0.2608894207342034,0.21943785212778602,18.758750633348143,7.324437634654385,-17.92038455421417,,,
2021-09-19,HOLD,NEUTRAL,50,47241.75,-0.2591065737411568,0.2181502958728458,30.2414283975509,5.952679568390251,-12.657532796731703,,,
2021-09-26,HOLD,NEUTRAL,50,43160.9,-0.26153689074782543,0.18779711092191909,40.989228676881154,8.156294238535345,8.495791329652533,,,
2021-10-03,HOLD,OVERHEATED,75,48200.01,-0.2610028131131627,0.19123197634429268,27.177981913281762,5.343318393502399,-3.7192108466367606,,,
2021-10-10,HOLD,OVERHEATED,90,54659.0,-0.25267431197824863,0.2045880110891172,15.760606670447677,-13.48875756965916,-22.869335333613865,,,
2021-10-17,HOLD,OVERHEATED,90,61528.33,-0.2581124478660149,0.19346106941799585,6.486069100201479,-31.958790365348772,-35.51243792899953,,,
2021-10-24,HOLD,OVERHEATED,90,60852.22,-0.24085189316512118,0.16645528848522395,-3.664944352071304,-29.21924623292297,-35.17059854184449,,,
2021-10-31,HOLD,OVERHEATED,90,61299.8,-0.25419797422914886,0.16901088484266472,-6.565959432167813,-40.87329811842779,-37.24555381909892,,,
2021-11-07,HOLD,OVERHEATED,90,63273.59,-0.23031761303812984,0.18846490865444016,-21.932152103270884,-40.13021862676038,-46.20441166685816,,,
2021-11-14,HOLD,OVERHEATED,90,65519.1,-0.2293079514809261,0.1880622052792361,-23.6041093360562,-35.315243951763684,-52.183577002736605,,,
2021-11-21,HOLD,OVERHEATED,75,58622.02,-0.22889974993384374,0.23513305587573088,-20.369120681955337,-28.26303153661371,-48.323275110615434,,,
2021-11-28,HOLD,OVERHEATED,75,57274.88,-0.24176660425433963,0.2409421145260673,-11.347714739865015,-32.97779061256872,-48.549695782863274,,,
2021-12-05,REDUCE,OVERHEATED,75,49396.33,-0.21909155450873224,0.2759674150068394,-4.271876068525741,-23.68042322172518,-39.43029775693863,True,True,True
2021-12-12,HOLD,NEUTRAL,50,50053.9,-0.21236307467591403,0.26408411294643463,-16.360922925086754,-23.24112606610075,-46.908172989517304,,,
2021-12-19,HOLD,NEUTRAL,50,46681.23,-0.1899611276307057,0.25756790893817083,-7.732379802331686,-19.07381189398824,-55.92661118826561,,,
2021-12-26,HOLD,NEUTRAL,50,50775.49,-0.2048427575299476,0.2742332072759345,-28.61802022983923,-18.73616581543575,-58.56648552283789,,,
2022-01-02,HOLD,NEUTRAL,50,47286.18,-0.15803062319928082,0.3016974378281236,-19.88830563179347,-0.9694587298022346,-59.15121500616036,,,
2022-01-09,HOLD,NEUTRAL,50,41864.62,-0.14317842888488344,0.15969015679572546,1.2331414927449478,10.85100020016901,-50.166823441846596,,,
2022-01-16,HOLD,NEUTRAL,50,43071.66,-0.14305899923764065,0.15420409399739549,-2.3635030551411296,-2.1192821451506743,-51.71265746432806,,,
2022-01-23,HOLD,NEUTRAL,50,36244.55,-0.1492714799613842,0.16014405172248442,5.910792105295821,9.473341509275187,-37.70186138329763,,,
2022-01-30,HOLD,NEUTRAL,50,37881.76,-0.13228303444067205,0.16088696464684357,-0.4822637596563684,4.1401719455484525,-38.51045991527321,,,
2022-02-06,HOLD,NEUTRAL,50,42380.87,-0.16892847937564684,0.155480552810927,-9.343979960770048,-9.231806709017544,-45.318748765657716,,,
2022-02-13,HOLD,NEUTRAL,50,42053.66,-0.12237869711286037,0.16686716574422447,-10.168722532117314,-19.059601471072913,-42.20422193930326,,,
2022-02-20,HOLD,NEUTRAL,50,38386.89,-0.13105507372014702,0.10688537485316985,7.490109253445645,-18.386485594430805,-43.95063001978019,,,
2022-02-27,HOLD,NEUTRAL,50,37699.07,-0.0710481697931418,0.17012672944529547,24.214629167244716,-19.642739197545193,-48.12707581380655,,,
2022-03-06,HOLD,NEUTRAL,50,38420.81,-0.0978018625738188,0.11830874837526809,20.78701620293794,-23.30172112456765,-47.944095920934515,,,
2022-03-13,HOLD,NEUTRAL,50,37777.34,-0.06286342828784189,0.0778574625713359,11.598249109122035,-20.801173401832944,-42.22232163513894,,,
2022-03-20,HOLD,NEUTRAL,50,41262.11,-0.08964314954117338,0.10546574897935632,-3.8388487646414537,-35.59580448018776,-52.94428714382274,,,
2022-03-27,HOLD,NEUTRAL,50,46827.76,-0.09878048790288459,0.1651602138091191,-15.754821499042457,-56.06452241149267,-59.83711371203747,,,
2022-04-03,HOLD,NEUTRAL,50,46407.35,-0.09712026978870779,0.16308752214239583,-17.107203923516426,-54.66651295538314,-58.93581512411288,,,
2022-04-10,HOLD,NEUTRAL,50,42158.85,-0.11371541806018345,0.12087695146518791,-19.26155480996279,-54.1832142005771,-53.89100983542008,,,
2022-04-17,HOLD,NEUTRAL,50,39678.12,-0.13383516340050336,0.10383201463386009,-21.04240321870089,-47.42071953005838,-51.45188330495498,,,
2022-04-24,HOLD,NEUTRAL,50,39450.13,-0.15368830282477983,0.09716839244383987,-23.209530614981492,-47.279869546690975,-50.392051940006276,,,
2022-05-01,HOLD,NEUTRAL,50,38468.35,-0.15604837246608722,0.08438082030223822,-23.396506478702623,-41.30322719846315,-46.378048447619925,,,
2022-05-08,HOLD,NEUTRAL,50,34038.4,-0.15186786983338763,0.06265990588436923,-12.101597019836428,-31.567523737896025,-38.582365798627436,,,
2022-05-15,HOLD,NEUTRAL,50,31328.89,-0.17877962648780082,0.08788441512477499,-15.175641396806592,-26.028691089917327,-47.876065829335154,,,
2022-05-22,HOLD,NEUTRAL,50,30293.94,-0.19222806074666385,0.09058633760806027,-32.085426986387375,-19.768640196686192,-46.25911981076083,,,
2022-05-29,HOLD,NEUTRAL,50,29468.1,-0.17353190560549622,0.09848070812050233,-28.60730756309365,-26.986775530149547,-44.24893359259674,,,
2022-06-05,HOLD,NEUTRAL,50,29919.21,-0.17425640633980968,0.10213623540403256,-35.44004002779484,-34.63861512386189,-42.8270332004087,,,
2022-06-12,HOLD,NEUTRAL,50,26574.53,-0.225488737352985,0.10789971570653725,-21.494491153747582,-24.73883827860737,-35.708928812663856,,,
2022-06-19,HOLD,NEUTRAL,50,20574.0,-0.242207825591811,0.08073898211340194,1.0895304753572463,6.089579080392723,-18.643870905025764,,,
2022-06-26,HOLD,NEUTRAL,50,21038.07,-0.26027709291523554,0.0779793685795275,7.327715897893679,-7.709309836881423,-19.992138062094096,,,
2022-07-03,HOLD,NEUTRAL,50,19315.83,-0.27765766557461863,0.1094848468164692,20.591866878099452,-2.6322969295132577,-13.973409374590693,,,
2022-07-10,HOLD,NEUTRAL,50,20862.47,-0.25309481500125863,0.12100325139594716,11.081717553098928,-8.65511130752975,-17.901236047313667,,,
2022-07-17,HOLD,NEUTRAL,50,20798.16,-0.2514669173511589,0.10615146876997611,16.86245321701536,-6.534905010827878,0.3526273478038449,,,
2022-07-24,HOLD,NEUTRAL,50,22579.68,-0.28605755198972316,0.09317129976499167,-4.712511426202673,-14.688870701444841,0.5677671251319804,,,
2022-07-31,HOLD,NEUTRAL,50,23293.32,-0.265242887958963,0.11870330586169064,-16.04627421080378,-15.982779612352374,1.927505396396905,,,
2022-08-07,HOLD,NEUTRAL,50,23174.39,-0.2854106459551205,0.10534963575610283,-13.696541742846307,-10.990192190603507,-1.0420123248119997,,,
2022-08-14,HOLD,NEUTRAL,50,24305.24,-0.2931718010682232,0.11304402386126321,-10.196854670021784,-13.98735416724953,-10.375128984531733,,,
2022-08-21,HOLD,NEUTRAL,50,21515.61,-0.35949406985168414,0.10899374845470843,-9.75770614916333,-24.102314552085673,12.810001668555982,,,
2022-08-28,HOLD,NEUTRAL,50,19555.61,-0.36052192692578716,0.10739941173893382,-3.826165483971093,-16.749055641833728,20.450602154573534,,,
2022-09-04,HOLD,NEUTRAL,50,20000.3,-0.33933574579500747,0.11340087454720155,-4.717429238561422,-17.857332140017903,12.149517757233653,,,
2022-09-11,HOLD,NEUTRAL,50,21826.87,-0.3391676857746725,0.11972615345874697,-10.939956118307382,-21.63008255420955,0.7799560816553249,,,
2022-09-18,HOLD,NEUTRAL,50,19416.18,-0.36135965133121567,0.11312416672238285,-0.7890326521488817,-12.006120668432208,44.06989428404557,,,
2022-09-25,HOLD,NEUTRAL,50,18807.38,-0.3558095768449616,0.12498205038787587,4.057024423391245,-11.001904571503324,48.70784766405527,,,
2022-10-02,HOLD,NEUTRAL,50,19056.8,-0.3796089609923415,0.13630041371531568,8.242097309097018,-11.673995634104354,47.83106292766887,,,
2022-10-09,HOLD,NEUTRAL,50,19439.02,-0.39500285380772576,0.10192392155391887,7.544413247169874,-14.518581698048566,45.70569915561586,,,
2022-10-16,HOLD,NEUTRAL,50,19262.98,-0.37432493114083343,0.12469302465110514,-15.22677176636221,-11.084214384274905,57.320674163602945,,,
2022-10-23,HOLD,NEUTRAL,50,19570.4,-0.3796889499978439,0.12813337184759227,-16.81197114008912,6.648305604382119,40.98127784817886,,,
2022-10-30,HOLD,NEUTRAL,50,20627.48,-0.3908859792019345,0.11793664148555023,-20.354885812518063,10.085575164780193,41.71973503307239,,,
2022-11-06,HOLD,NEUTRAL,50,20905.58,-0.3901725095714903,0.14024780499855366,-18.176391183597875,13.569200184831024,35.99287845637383,,,
2022-11-13,HOLD,NEUTRAL,50,16329.85,-0.2185936605756264,0.19521797930730034,4.624659748864802,40.43552145304458,64.83690909591942,,,
2022-11-20,HOLD,NEUTRAL,50,16280.23,-0.21236678790619365,0.18206893054777104,2.8131052202579423,33.80363790929245,64.29608181211199,,,
2022-11-27,HOLD,NEUTRAL,50,16428.78,-0.21861799333783652,0.17488335230132065,2.455021005820285,47.739272179674934,70.82826600636201,,,
2022-12-04,HOLD,NEUTRAL,50,17105.7,-0.2521383747501337,0.11336277705436112,-2.858403923838257,37.701760231969445,58.51564098516867,,,
2022-12-11,HOLD,NEUTRAL,50,17085.05,-0.24641349454274655,0.10547235800437157,0.2503943506164891,31.285773234494503,51.744068644809346,,,
2022-12-18,HOLD,NEUTRAL,50,16738.21,-0.24633714097853426,0.093325105893979,24.69373965316483,31.418532806076644,57.3643179288586,,,
2022-12-25,HOLD,NEUTRAL,50,16832.11,-0.24318133780987422,0.08060479232809147,34.908101242209085,66.18754273825444,80.97944939760968,,,
2023-01-01,HOLD,NEUTRAL,50,16616.75,-0.24953412440903563,0.07982213111646708,42.88173078369717,68.31239562489657,84.25402079227285,,,
2023-01-08,HOLD,NEUTRAL,50,17127.83,-0.2680551120309051,0.12299438642879364,33.89267642194018,64.48008883787378,76.09183416696683,,,
2023-01-15,HOLD,NEUTRAL,50,20871.5,-0.34075049293905674,0.08392154597985063,4.369786551038501,35.705435641904025,44.84819011570803,,,
2023-01-22,HOLD,NEUTRAL,50,22707.88,-0.3405755848924574,0.05915383181965097,6.886948495412154,33.454333914042174,32.481543851737804,,,
2023-01-29,HOLD,NEUTRAL,50,23742.3,-0.3703927754070981,0.057962412260661206,-0.7895191283068645,16.20862342738488,23.328784490129436,,,
2023-02-05,HOLD,NEUTRAL,50,22932.91,-0.35346676285491524,0.0237712493752998,-2.1919154612301632,27.472745499807914,26.84138210109401,,,
2023-02-12,HOLD,NEUTRAL,50,21783.54,-0.3574999042859334,0.015786201442420413,0.9804191605221175,30.511845182188008,34.52285533021722,,,
2023-02-19,HOLD,NEUTRAL,50,24271.76,-0.3466402343966243,0.01401187421753249,15.24862638720884,10.900981222622509,7.903135166135473,,,
2023-02-26,HOLD,NEUTRAL,50,23554.85,-0.34831063245067645,0.01266660966246519,18.735844210428006,13.555297528959006,10.812720097984077,,,
2023-03-05,HOLD,NEUTRAL,50,22430.24,-0.3506836257166048,0.030311701535348505,25.59771986389801,25.121264863862347,15.786589889363633,,,
2023-03-12,HOLD,NEUTRAL,50,21997.11,-0.35089822876874877,0.041894555194188124,28.76127818608898,23.267147366176733,17.47729588114075,,,
2023-03-19,HOLD,NEUTRAL,50,27972.87,-0.28593695574297623,-0.0932102627270956,8.335862569697005,-7.318948681347319,-5.167006460188035,,,
2023-03-26,HOLD,NEUTRAL,50,27968.05,-0.2762671313713198,-0.1981076640817473,-1.3495756765309013,-5.821213849374548,-6.148694671240928,,,
2023-04-02,HOLD,NEUTRAL,50,28171.87,-0.2767812442787363,-0.19842137670299312,3.7673750446810956,8.13148008989109,-0.6364504734687448,,,
2023-04-09,HOLD,NEUTRAL,50,28323.76,-0.2638030303128339,-0.16026057843864958,0.37544450313094074,8.096629825983557,-1.4359322349857475,,,
2023-04-16,HOLD,NEUTRAL,50,30304.65,-0.2686314099196792,-0.13862091449973613,-11.17660161064392,-0.47497661250006956,-10.396094328758128,,,
2023-04-23,HOLD,NEUTRAL,50,27590.6,-0.27758471221593545,-0.14084902101022306,-3.0547360332866984,9.573514167868778,8.705356172029607,,,
2023-04-30,HOLD,NEUTRAL,50,29233.21,-0.276284172795873,-0.15230721085863283,-3.996174214189954,2.9094991620831268,18.10502507251171,,,
2023-05-07,HOLD,NEUTRAL,50,28430.1,-0.2654249588682937,-0.1151753686600963,-4.62499252552752,2.9932712160702977,23.15074516093858,,,
2023-05-14,HOLD,NEUTRAL,50,26917.62,-0.25896898940534985,-0.14482439185107485,-3.685578442670636,8.064606009000794,37.69467731545359,,,
2023-05-21,HOLD,NEUTRAL,50,26747.78,-0.2779084944410392,-0.15650076215369604,-1.524649896178291,9.556157557748723,39.67461972545012,,,
2023-05-28,HOLD,NEUTRAL,50,28065.0,-0.2774840251085719,-0.1545535705118338,8.54323890967397,-6.680954926064488,33.431070728665595,,,
2023-06-04,HOLD,NEUTRAL,50,27115.21,-0.2694402321673383,-0.1559514696473479,12.91459664151596,-3.7375332885122363,47.41637626999755,,,
2023-06-11,HOLD,NEUTRAL,50,25925.55,-0.222535979580523,-0.1276978578143375,16.335854012740327,0.1761196965927429,68.90484483453582,,,
2023-06-18,HOLD,NEUTRAL,50,26339.97,-0.1632159667040683,-0.10193500016053543,14.776098833825552,-1.8920294897830199,57.07933608124838,,,
2023-06-25,HOLD,NEUTRAL,50,30462.66,-0.12317292734815113,-0.1060889974301636,-1.243850668326403,-12.917946101883427,41.12851602584936,,,
2023-07-02,HOLD,NEUTRAL,50,30617.03,-0.09951561982178204,-0.15923699437513544,-4.363388610848272,-14.268692946376568,38.104773715804576,,,
2023-07-09,HOLD,NEUTRAL,50,30160.71,-0.11939618885718634,-0.19816554659983796,-3.5552545016347454,-7.188623875233705,45.64982057783122,,,
2023-07-16,HOLD,NEUTRAL,50,30231.99,-0.10752291357295833,-0.19922577675215047,-3.070092309503944,-7.657253128226102,38.04036717397696,,,
2023-07-23,HOLD,NEUTRAL,50,30083.75,-0.09313844402329761,-0.1760509462226558,-12.943067270536412,-9.738147671084883,38.21524909627291,,,
2023-07-30,HOLD,NEUTRAL,50,29281.09,-0.08871936413690784,-0.17580689967778176,-10.857929127638348,2.4294519090648574,43.54335852934435,,,
2023-08-06,HOLD,NEUTRAL,50,29088.42,-0.08999521200275833,-0.17563802464401235,-10.716326290668244,18.692902536473284,46.391175594961844,,,
2023-08-13,HOLD,NEUTRAL,50,29303.84,-0.07640057501935697,-0.1745355808391694,-11.814936199487846,19.478812333127664,64.82478064308295,,,
2023-08-20,HOLD,NEUTRAL,50,26189.99,-0.034891649035025944,-0.1561551099989184,1.288736650911271,41.520214402525525,99.07479918854492,,,
2023-08-27,HOLD,NEUTRAL,50,26101.77,-0.034076834201325505,-0.14997374701384805,0.5616860465784527,43.13151943335644,98.18138769899511,,,
2023-09-03,HOLD,NEUTRAL,50,25971.21,-0.03871400048237005,-0.15396449670026932,7.783079802596801,44.18823766778676,143.0151309854258,,,
2023-09-10,HOLD,NEUTRAL,50,25841.61,-0.04415258262639915,-0.17774501667814463,8.031388137194233,54.681770988727095,166.84049484532892,,,
2023-09-17,HOLD,NEUTRAL,50,26527.51,-0.009570213757408824,-0.15666133349669922,2.3622269862493805,65.07207046571655,157.82095643352883,,,
2023-09-24,HOLD,NEUTRAL,50,26248.38,0.019080038026228676,-0.1453368948227092,14.264042199937666,57.62744215071559,156.0538593238897,,,
2023-10-01,HOLD,NEUTRAL,50,27992.57,0.034638924849410634,-0.13372389917603986,23.339479011752047,53.58182546297107,154.6390345723883,,,
2023-10-08,HOLD,NEUTRAL,50,27917.05,0.029947967613348718,-0.13663591469878028,25.413967449999188,51.4614903795351,148.4517167823964,,,
2023-10-15,HOLD,NEUTRAL,50,27154.15,0.03285514995628445,-0.1236169236849148,36.49526867900485,61.77645037683004,141.8114358210439,,,
2023-10-22,HOLD,NEUTRAL,50,29992.46,0.0363740233630506,-0.08328447705686266,24.564173795680652,39.1428045582123,116.52491992987572,,,
2023-10-29,HOLD,NEUTRAL,50,34525.89,0.04348568230723986,-0.0886822765770715,8.461881793633708,20.432319051007816,82.81533075613693,,,
2023-11-05,HOLD,NEUTRAL,50,35011.88,0.04098245041455989,-0.08803088928203638,14.167705361722948,20.047995137650425,82.82937105919478,,,
2023-11-12,HOLD,NEUTRAL,50,37064.13,-0.13122364265110087,-0.2566398038757364,18.14525256629524,14.889733011404829,65.88542615191561,,,
2023-11-19,HOLD,NEUTRAL,50,37359.86,-0.13100147396510148,-0.25135002111055155,10.74626617979832,29.283112945284053,77.39362513671088,,,
2023-11-26,HOLD,NEUTRAL,50,37447.43,-0.12888105229936936,-0.2573386908133724,14.804941220265317,39.22896711469919,82.94358251020164,,,
2023-12-03,HOLD,NEUTRAL,50,39972.26,-0.1250972310583803,-0.2680093315229956,5.782310032007196,29.41187213332445,69.5316451959434,,,
2023-12-10,HOLD,NEUTRAL,50,43789.51,-0.09685847449713415,-0.26442220942093675,0.3185922838597526,44.130340805366394,59.0521108822638,,,
2023-12-17,HOLD,NEUTRAL,50,41374.65,-0.06586471730513997,-0.21854421577764924,0.8645390353755188,66.66214699097152,61.15391912680831,,,
2023-12-24,HOLD,NEUTRAL,50,42991.5,-0.07292285203724665,-0.2195530616455182,-3.282439552004462,59.08605189397903,47.029087145133346,,,
2023-12-31,HOLD,NEUTRAL,50,42283.58,-0.07079667716956382,-0.21108524521675806,-0.5972058184288181,58.95056662657231,48.45481390175571,,,
2024-01-07,HOLD,NEUTRAL,50,43929.02,-0.06238452891410794,-0.2073401409730359,-3.0643524485636138,62.261780481331016,27.154691818756717,,,
2024-01-14,HOLD,NEUTRAL,50,41732.35,0.07063793726510945,-0.17486852405279282,15.737527361866752,66.2029336953227,45.68532565264119,,,
2024-01-21,HOLD,NEUTRAL,50,41580.33,0.057942407605769214,-0.17712640777619829,25.390226580693316,57.91562981823375,63.9365055544292,,,
2024-01-28,HOLD,NEUTRAL,50,42031.06,0.06402072235116554,-0.17957821085259926,23.072913221793602,54.507523721742935,62.379630682642805,,,
2024-02-04,HOLD,NEUTRAL,50,42582.88,0.07490005814717815,-0.17930181879334126,48.21442326117915,48.22534314259629,36.58305873158415,,,
2024-02-11,HOLD,NEUTRAL,50,48299.99,0.09399391942321744,-0.11591770527548424,42.765826659591454,32.530048142867116,21.55818251722205,,,
2024-02-18,HOLD,NEUTRAL,50,52137.67,0.08289897212868923,-0.11728041920357168,31.178627660192713,17.92623260686563,12.0636000803258,,,
2024-02-25,HOLD,NEUTRAL,50,51728.85,0.10419746840217267,-0.1035498268928446,29.92747760679004,28.11808110947759,24.147356842458322,,,
2024-03-03,HOLD,NEUTRAL,50,63113.97,0.07613024354665891,-0.12273640005783246,12.938561779586982,8.545968507447713,-9.208912068120577,,,
2024-03-10,HOLD,NEUTRAL,50,68955.88,0.05641415946344322,-0.16481550504902592,0.5866214744848368,-1.726103705731839,-20.427453032286742,,,
2024-03-17,HOLD,NEUTRAL,50,68393.48,0.023928905342014476,-0.00041619998020883973,-3.994006446228499,1.8344731105947576,-13.54146623333101,,,
2024-03-24,HOLD,NEUTRAL,50,67209.99,0.0035254822136723905,0.00714012830455723,-3.3757481588674594,-0.793215413363415,-5.402812885405879,,,
2024-03-31,HOLD,NEUTRAL,50,71280.01,-0.005446882030229502,0.006375367058309925,-11.449759897620655,-11.321547233228493,-7.96576768157019,,,
2024-04-07,HOLD,NEUTRAL,50,69360.39,-0.003929093292578401,-0.015645192747879164,-7.711014889045462,-9.498764352391902,-9.429704763770786,,,
2024-04-14,HOLD,NEUTRAL,50,65661.84,-0.029092885485575346,-0.04527958863262206,-6.362675794647239,-14.931092397045223,-4.251815057269184,,,
2024-04-21,HOLD,NEUTRAL,50,64941.15,-0.0210242480104083,-0.04310276027732479,2.0524120684650535,-6.379991730974888,6.299303292288486,,,
2024-04-28,HOLD,NEUTRAL,50,63118.62,-0.01373989102221813,-0.02830561878280663,8.537971837787321,7.995612071366569,7.768040556019752,,,
2024-05-05,HOLD,NEUTRAL,50,64012.0,-0.026711226330448628,-0.0294541544962753,5.863947384865345,6.620446166343817,7.442338936449423,,,
2024-05-12,HOLD,NEUTRAL,50,61483.99,0.0003330833795107026,-0.0263021326795552,13.2784973779353,-5.404642737076754,30.716972011738335,,,
2024-05-19,HOLD,NEUTRAL,50,66274.01,-0.015973597319966473,-0.02434151815993858,0.6078702646784171,-11.40932923781132,35.58254585772011,,,
2024-05-26,HOLD,NEUTRAL,50,68507.67,-0.02459768899210952,-0.030841939815414,-7.732944354989735,-14.714148065464785,42.90376537400848,,,
2024-06-02,HOLD,NEUTRAL,50,67765.63,-0.04539027489803352,-0.0515892614661907,-7.368956800076974,-5.232195140811063,43.413674454144356,,,
2024-06-09,HOLD,NEUTRAL,50,69648.14,-0.05755438274337215,-0.04558414359392217,-19.799997530443743,-17.726647115055762,45.17198879970089,,,
2024-06-16,HOLD,NEUTRAL,50,66676.87,-0.07343702362270711,-0.009075356447277956,-8.817090544292185,-17.707669841130812,56.67200634942824,,,
2024-06-23,HOLD,NEUTRAL,50,63210.01,-0.11145943819866878,-0.0005228055308762998,7.83947036236823,-6.451525636524977,50.587335771660214,,,
2024-06-30,HOLD,NEUTRAL,50,62772.01,-0.11084780892915354,-0.004144485433646548,8.726612386635384,1.2852065753510202,49.331206695468246,,,
2024-07-07,HOLD,NEUTRAL,50,55857.81,-0.06794515885348708,0.041636390941676156,4.123308808562316,17.444650980767054,76.096431277918,,,
2024-07-14,HOLD,NEUTRAL,50,60797.91,-0.11873776258966348,0.015361824956766556,-3.4299205350973527,3.3257722181568408,55.50708897723621,,,
2024-07-21,HOLD,NEUTRAL,50,68165.34,-0.08197912910005221,0.03036210156078301,-14.285837934645377,-7.768346787384909,48.65556307648434,,,
2024-07-28,HOLD,NEUTRAL,50,68249.88,-0.09026910812108706,0.046474723263787696,-5.904596462294152,1.1459507328071499,50.359238726866614,,,
2024-08-04,HOLD,NEUTRAL,50,58161.0,-0.056319901323748096,0.18457702609763815,-1.4771754268324124,16.954144529839578,67.98299547806948,,,
2024-08-11,HOLD,NEUTRAL,50,58712.59,-0.05249928100423881,0.1835534057213804,-6.544831355591704,17.14010572519456,64.29653333297,,,
2024-08-18,HOLD,NEUTRAL,50,58427.35,-0.009087121689702132,0.22090800747761086,1.2060276565683732,37.555459900200844,64.50877885100043,,,
2024-08-25,HOLD,NEUTRAL,50,64220.0,-0.040435876919250296,0.20299476891053123,-0.998505138586107,39.91901276860792,49.88788539395827,,,
2024-09-01,HOLD,NEUTRAL,50,57301.86,-0.07852117115633707,0.16223598542740544,14.484957381837157,70.84967224449606,64.51472953932036,,,
2024-09-08,HOLD,NEUTRAL,50,54869.95,-0.07312129060503011,0.18637736962737655,14.488731992648082,77.11913351479271,47.137677362563664,,,
2024-09-15,HOLD,NEUTRAL,50,59132.0,-0.09002718660928391,0.17676668498625256,6.321484137184598,70.98963336264627,39.644405736318745,,,
2024-09-22,HOLD,NEUTRAL,50,63578.76,-0.0916049480817572,0.1936367507677143,8.577125442522004,64.30642875073373,35.395059607957116,,,
2024-09-29,HOLD,NEUTRAL,50,65602.01,-0.10946051566502708,0.18267712471204078,3.688438814603398,45.09657554699926,25.590648823107724,,,
2024-10-06,HOLD,NEUTRAL,50,62819.91,-0.12695074394994302,0.15332001712723184,9.481197919576774,49.21734208151523,24.848953142403413,,,
2024-10-13,HOLD,NEUTRAL,50,62870.02,-0.1269434059242386,0.13893431459149913,27.835190763419508,56.45550931906814,33.227252035230784,,,
2024-10-20,HOLD,NEUTRAL,50,69031.99,-0.09691092774541114,0.09615584804992812,30.16572461550072,36.958329029773,23.390966999502695,,,
2024-10-27,HOLD,NEUTRAL,50,68021.7,-0.10780309131257852,0.10469456167886522,43.92471814141663,48.96947591724407,37.82263601174332,,,
2024-11-03,HOLD,NEUTRAL,50,68775.99,-0.11647122882616921,0.10506376033289877,41.30684269321312,49.20904809948936,37.0792626903662,,,
2024-11-10,HOLD,NEUTRAL,50,80370.01,-0.07281718435319179,0.07642807951872505,25.80512308011409,21.563491157958055,29.548322813447463,,,
2024-11-17,HOLD,NEUTRAL,50,89855.99,-0.030686169309223382,0.09779584607611141,16.25712431636444,7.352609436499441,18.47207960203876,,,
2024-11-24,HOLD,NEUTRAL,50,97900.04,-0.024072197500259993,0.09506259352704706,-2.771980481315421,-1.8201422593902907,11.342334487299505,,,
2024-12-01,HOLD,NEUTRAL,50,97185.18,-0.005313134520349956,0.13052462172155768,-3.5468165002112424,-0.9540343496817036,8.702715784443678,,,
2024-12-08,HOLD,NEUTRAL,50,101109.59,-0.027592928799253617,0.12910201482228906,-2.715845252660995,-6.764531435643242,4.573661113649065,,,
2024-12-15,HOLD,NEUTRAL,50,104463.99,-0.062274616139698244,0.08970381388932813,-9.495070980918886,-22.715597977829496,1.081731609141092,,,
2024-12-22,HOLD,NEUTRAL,50,95186.27,-0.07259380348691427,0.0656492413234738,6.456078171778349,-13.24953693426584,6.069782963446294,,,
2024-12-29,HOLD,NEUTRAL,50,93738.2,-0.09054764780354894,0.05763185349157487,9.475112600839362,-8.167107966656067,15.59527492527059,,,
2025-01-05,HOLD,NEUTRAL,50,98363.61,-0.08763135778689922,0.048918571940899325,-0.6740500882389372,-16.239359250844895,11.020569497195147,,,
2025-01-12,HOLD,NEUTRAL,50,94545.06,-0.09377916654832726,0.016877033942384774,2.028334425934049,-17.04484612945404,25.95754870746288,,,
2025-01-19,HOLD,NEUTRAL,50,101331.57,-0.0976772933465491,0.008733974977318386,-5.1449415024360245,-17.34066688199937,15.724171647592144,,,
2025-01-26,HOLD,NEUTRAL,50,102620.0,-0.08424819160443993,0.008426835505170887,-6.199571233677646,-16.995478464236985,16.366741375950113,,,
2025-02-02,HOLD,NEUTRAL,50,97700.59,-0.10356200220546351,0.014717484380683508,-3.511329870167618,-4.044284686510076,16.896735219306258,,,
2025-02-09,HOLD,NEUTRAL,50,96462.75,-0.1036256203723881,-0.013022507986540869,-16.305133328668326,-2.2652578326867157,23.668473063436398,,,
2025-02-16,HOLD,NEUTRAL,50,96118.12,-0.09112688208375462,-0.02973450360744342,-14.090568979085313,8.322967615263392,22.146594211372424,,,
2025-02-23,HOLD,NEUTRAL,50,96258.0,-0.09258536828020168,-0.03041489908983976,-10.571069417606848,10.592636456190649,17.90561823432857,,,
2025-03-02,HOLD,NEUTRAL,50,94270.0,-0.0998367878920751,0.01647175847555987,-12.602110957886914,15.629776174817017,14.825872493900505,,,
2025-03-09,HOLD,NEUTRAL,50,80734.37,0.0770796026034912,0.010623902635531418,-2.854261450234882,30.85248575049263,37.65802594359751,,,
2025-03-16,HOLD,NEUTRAL,50,82574.53,0.07612732988139362,0.01746215855784326,1.4356363881211327,28.046747586695318,39.59269280733417,,,
2025-03-23,HOLD,NEUTRAL,50,86082.5,0.08856040722683678,0.007316808958831941,-1.049295733743786,22.666058722736903,33.862620160892156,,,
2025-03-30,HOLD,NEUTRAL,50,82389.99,0.0934600840804293,0.008312746091418662,13.78724527093643,22.543855145509774,36.13783664738882,,,
2025-04-06,HOLD,NEUTRAL,50,78430.0,0.10399726593692402,0.053116960098737724,20.206069106209355,38.15750350631135,57.442700497258706,,,
2025-04-13,HOLD,NEUTRAL,50,83760.0,0.08781429341175419,0.12271915361654791,24.30515759312321,30.37707736389684,37.24785100286533,,,
2025-04-20,HOLD,NEUTRAL,50,85179.24,0.08886524235389413,0.12403190552003901,24.976766639383012,39.807117321074934,27.546078128896184,,,
2025-04-27,HOLD,NEUTRAL,50,93749.3,0.08214609340965523,0.1174199686074912,16.27200416429776,25.083728625173723,22.197605742122864,,,
2025-05-04,HOLD,NEUTRAL,50,94277.62,0.08457797899603878,0.11955886592320941,12.0551515831647,26.663729949907527,17.25018090189379,,,
2025-05-11,HOLD,NEUTRAL,50,104118.0,0.08148953155864232,0.12523170896191516,1.5520851341746864,9.69169596035268,0.5810330586450051,,,
2025-05-18,HOLD,NEUTRAL,50,106454.26,0.10353210330424384,0.1378598707904024,-0.8080935417708978,12.06128340941922,-11.453576399854729,,,
2025-05-25,HOLD,NEUTRAL,50,109004.19,0.0895296377401102,0.1379746015097066,-7.376156824797292,7.706878056705886,-20.34251160437044,,,
2025-06-01,HOLD,NEUTRAL,50,105642.93,0.0874506832201343,0.14709967431445142,2.569031358747812,7.431316037902398,-14.466590428720592,,,
2025-06-08,HOLD,NEUTRAL,50,105734.0,0.08282133329087979,0.14782081880278655,3.2816690941419,2.3761041859761343,-14.506866287097814,,,
2025-06-15,HOLD,NEUTRAL,50,105594.01,0.0990237262152028,0.12951466910031081,12.777836545841954,5.249663309500228,-16.4988904200153,,,
2025-06-22,HOLD,NEUTRAL,50,100963.87,0.08323578502497316,0.13948699666483041,16.145627143650497,14.16758291852323,-12.187537977694392,,,
2025-06-29,HOLD,NEUTRAL,50,108356.93,0.05432134344624092,0.13160180476166358,10.205733957209763,6.34510409255781,-18.830563029055906,,,
2025-07-06,HOLD,NEUTRAL,50,109203.84,0.029212810002742506,0.11476291618953606,4.583135538090975,2.710628124432255,-16.18451329184029,,,
2025-07-13,HOLD,NEUTRAL,50,119086.64,0.07462414999122727,0.14266905458948098,0.17413372314475858,3.6911529286576545,-23.57358474468673,,,
2025-07-20,HOLD,NEUTRAL,50,117265.12,0.04220183987968273,0.13142726247078962,0.11929378488675867,-1.966757037386729,-20.118497299111617,,,
2025-07-27,HOLD,NEUTRAL,50,119415.55,0.04410594952312193,0.12960622785807163,-4.959119645640795,-9.021245558053373,-27.42121105668399,,,
2025-08-03,HOLD,NEUTRAL,50,114208.8,0.008372382811051834,0.007611774003679133,-5.220657252330816,0.30698159861586083,-32.60746107130098,,,
2025-08-10,HOLD,NEUTRAL,50,119294.01,-0.0020472163089743528,0.01198399090858383,-6.837451436161798,-7.3376106646092305,-41.044500054948266,,,
2025-08-17,HOLD,NEUTRAL,50,117405.01,-0.006294209732133118,0.00489124821255448,-1.8201948962825354,-10.801966628170288,-41.371684223697095,,,
2025-08-24,HOLD,NEUTRAL,50,113493.59,0.023954013958437163,0.03562867769464812,1.5319807929240736,-16.94558256549995,-40.39892473222497,,,
2025-08-31,HOLD,NEUTRAL,50,108246.35,0.0698885890729292,0.07547237693536223,3.619152054549637,-19.784824153424115,-39.23446841394652,,,
2025-09-07,HOLD,NEUTRAL,50,111137.34,0.07532719567750093,0.03979205094508436,11.107850880721099,-18.69519281278461,-40.63993253752519,,,
2025-09-14,HOLD,NEUTRAL,50,115268.01,0.09751535325534781,0.05061728098627091,-0.26825309120890684,-21.5781464432326,-36.829619943989655,,,
2025-09-21,HOLD,NEUTRAL,50,115232.29,0.10581291752926723,0.036339734160336444,-5.71845790793535,-23.483105299738465,-41.11112432114297,,,
2025-09-28,HOLD,NEUTRAL,50,112163.95,0.09603075469491476,0.03007795658253182,2.1356683675993913,-20.956011267434853,,,,
2025-10-05,HOLD,NEUTRAL,50,123482.31,0.11081874702489487,0.050769551065589676,-10.480553854232241,-28.77302829854737,,,,
2025-10-12,HOLD,NEUTRAL,50,114958.8,0.07566185731009713,0.07307777409724016,-8.90392036103369,-20.380405849747916,,,,
2025-10-19,HOLD,NEUTRAL,50,108642.78,0.05260507275390747,0.07984387672944529,-13.237271726662367,-16.226692652746923,,,,
2025-10-26,HOLD,NEUTRAL,50,114559.4,0.06606815821185061,0.09426509548410787,-24.205259454920323,-18.231816856582693,,,,
2025-11-02,HOLD,NEUTRAL,50,110540.68,0.05555358247959092,0.08127005456812104,-18.2563378477498,-21.594149773639888,,,,
2025-11-09,HOLD,NEUTRAL,50,104722.96,-0.0006683048443549811,0.11832363127970101,-13.681479209525788,-26.503022832815265,,,,
2025-11-16,HOLD,NEUTRAL,50,94261.44,-0.05590157500604474,0.06363818502882675,-6.459979817834317,-25.387963519335155,,,,
2025-11-23,HOLD,NEUTRAL,50,86830.0,-0.11991298984056609,0.0867235355464828,2.106253598986526,-20.72719106299666,,,,
2025-11-30,HOLD,NEUTRAL,50,90360.0,-0.13503098136847927,0.07938218546987147,-2.664110225763605,-25.140106241699872,,,,
2025-12-07,HOLD,NEUTRAL,50,90395.31,-0.13978066563303487,0.08314026414022124,1.2549544882361687,-27.234643036237166,,,,
2025-12-14,HOLD,NEUTRAL,50,88172.17,-0.1477247551921537,0.05413285252694047,3.2226495049401596,-25.179112638375578,,,,
2025-12-21,HOLD,NEUTRAL,50,88658.86,-0.12308705093461442,0.09185196087760304,5.655700964348063,-17.870317755044443,,,,
2025-12-28,HOLD,NEUTRAL,50,87952.71,-0.1163685689995658,0.09835184994565915,-1.4579994180963904,-22.846038513196472,,,,
2026-01-04,HOLD,NEUTRAL,50,91529.73,-0.14001409958345074,0.10853955112604158,-15.909060367598581,,,,,
2026-01-11,HOLD,NEUTRAL,50,91013.65,-0.1314471610527678,0.13468050056352154,-22.72545931297118,,,,,
2026-01-18,HOLD,NEUTRAL,50,93673.14,-0.12665725038474063,0.181249307116444,-26.518338127663917,,,,,
2026-01-25,HOLD,NEUTRAL,50,86670.36,-0.07755294299742325,0.17507856376675782,-21.95324906923198,,,,,
2026-02-01,HOLD,NEUTRAL,50,76968.21,-0.004227276851269221,0.15312605014565014,-14.54073051718366,,,,,
2026-02-08,HOLD,NEUTRAL,50,70330.38,-0.02517907844500632,0.1580257884891275,-6.198146519327788,,,,,
2026-02-15,HOLD,NEUTRAL,50,68832.58,-0.0204807575795144,0.16346551709898496,5.786010055122158,,,,,
2026-02-22,HOLD,NEUTRAL,50,67643.4,-0.024744392432660012,0.1622815796861625,0.3187302826292082,,,,,
2026-03-01,HOLD,NEUTRAL,50,65776.47,-0.015864708731233353,0.16396472770710346,,,,,,
2026-03-08,HOLD,NEUTRAL,50,65971.2,-0.16200741837340593,0.21638812760179196,,,,,,
2026-03-15,HOLD,NEUTRAL,50,72815.24,-0.08649312796415964,0.2530348433163058,,,,,,
2026-03-22,HOLD,NEUTRAL,50,67859.0,-0.09542876072120371,0.2353838873595072,,,,,,
2026-03-29,HOLD,NEUTRAL,50,70659.9,-0.08766779389837004,0.2368118644331374,,,,,,
